train_loss,epoch,step,valid_loss,valid_mae,train_mae,test_mae
22.12754249572754,0,0,,,,
20.624515533447266,0,1,,,,
22.43624496459961,0,2,,,,
22.060134887695312,0,3,,,,
21.321542739868164,0,4,,,,
20.844324111938477,0,5,,,,
20.009937286376953,0,6,,,,
20.450191497802734,0,7,,,,
19.44357681274414,0,8,,,,
20.538877487182617,0,9,,,,
19.809080123901367,0,10,,,,
,0,10,16.352619171142578,0.9375,,
,0,10,,,1.0227272510528564,
19.162700653076172,1,11,,,,
18.88133430480957,1,12,,,,
19.382572174072266,1,13,,,,
19.09125328063965,1,14,,,,
18.784799575805664,1,15,,,,
18.55795669555664,1,16,,,,
17.533044815063477,1,17,,,,
17.936899185180664,1,18,,,,
17.902061462402344,1,19,,,,
18.232051849365234,1,20,,,,
18.195735931396484,1,21,,,,
,1,21,15.179544448852539,0.75,,
,1,21,,,0.84375,
17.45450210571289,2,22,,,,
17.99567413330078,2,23,,,,
17.544719696044922,2,24,,,,
17.910547256469727,2,25,,,,
17.651329040527344,2,26,,,,
17.497562408447266,2,27,,,,
16.488996505737305,2,28,,,,
16.791786193847656,2,29,,,,
16.52069854736328,2,30,,,,
16.575716018676758,2,31,,,,
17.168367385864258,2,32,,,,
,2,32,14.354080200195312,0.7250000238418579,,
,2,32,,,0.7144886255264282,
16.409465789794922,3,33,,,,
16.520183563232422,3,34,,,,
16.154081344604492,3,35,,,,
17.32840347290039,3,36,,,,
16.586355209350586,3,37,,,,
16.31157112121582,3,38,,,,
15.691990852355957,3,39,,,,
15.79231071472168,3,40,,,,
15.118746757507324,3,41,,,,
15.104787826538086,3,42,,,,
16.039382934570312,3,43,,,,
,3,43,13.791157722473145,0.7124999761581421,,
,3,43,,,0.6420454382896423,
15.853256225585938,4,44,,,,
15.203953742980957,4,45,,,,
14.823779106140137,4,46,,,,
17.010160446166992,4,47,,,,
15.644559860229492,4,48,,,,
15.491406440734863,4,49,,,,
15.154583930969238,4,50,,,,
15.21764850616455,4,51,,,,
13.913098335266113,4,52,,,,
14.150591850280762,4,53,,,,
15.21275520324707,4,54,,,,
,4,54,13.181022644042969,0.699999988079071,,
,4,54,,,0.6377840638160706,
15.35969352722168,5,55,,,,
14.193163871765137,5,56,,,,
13.770092964172363,5,57,,,,
16.573699951171875,5,58,,,,
14.752197265625,5,59,,,,
14.684887886047363,5,60,,,,
14.623727798461914,5,61,,,,
14.45953369140625,5,62,,,,
12.922983169555664,5,63,,,,
13.34906005859375,5,64,,,,
14.333333015441895,5,65,,,,
,5,65,12.599326133728027,0.6499999761581421,,
,5,65,,,0.6122159361839294,
14.882957458496094,6,66,,,,
13.304061889648438,6,67,,,,
13.007960319519043,6,68,,,,
16.187137603759766,6,69,,,,
13.822810173034668,6,70,,,,
13.858599662780762,6,71,,,,
14.086111068725586,6,72,,,,
13.520004272460938,6,73,,,,
12.055962562561035,6,74,,,,
12.544992446899414,6,75,,,,
13.49500846862793,6,76,,,,
,6,76,11.977128028869629,0.574999988079071,,
,6,76,,,0.5653409361839294,
14.397297859191895,7,77,,,,
12.459808349609375,7,78,,,,
12.245248794555664,7,79,,,,
15.785733222961426,7,80,,,,
12.925771713256836,7,81,,,,
13.059770584106445,7,82,,,,
13.559919357299805,7,83,,,,
12.74914264678955,7,84,,,,
11.254223823547363,7,85,,,,
11.84330940246582,7,86,,,,
12.708844184875488,7,87,,,,
,7,87,11.297872543334961,0.512499988079071,,
,7,87,,,0.49289771914482117,
13.822954177856445,8,88,,,,
11.706937789916992,8,89,,,,
11.47182559967041,8,90,,,,
15.382586479187012,8,91,,,,
12.117901802062988,8,92,,,,
12.335359573364258,8,93,,,,
12.997271537780762,8,94,,,,
12.038799285888672,8,95,,,,
10.592917442321777,8,96,,,,
11.160693168640137,8,97,,,,
12.032949447631836,8,98,,,,
,8,98,10.711308479309082,0.48750001192092896,,
,8,98,,,0.4332386255264282,
13.194211959838867,9,99,,,,
11.026236534118652,9,100,,,,
10.757352828979492,9,101,,,,
14.935897827148438,9,102,,,,
11.42913818359375,9,103,,,,
11.656549453735352,9,104,,,,
12.430882453918457,9,105,,,,
11.362815856933594,9,106,,,,
10.073661804199219,9,107,,,,
10.570611000061035,9,108,,,,
11.50483226776123,9,109,,,,
,9,109,10.17335319519043,0.4625000059604645,,
,9,109,,,0.4019886255264282,
12.602642059326172,10,110,,,,
10.415194511413574,10,111,,,,
10.117635726928711,10,112,,,,
14.463603019714355,10,113,,,,
10.867548942565918,10,114,,,,
11.004748344421387,10,115,,,,
11.898419380187988,10,116,,,,
10.797220230102539,10,117,,,,
9.584393501281738,10,118,,,,
10.031551361083984,10,119,,,,
11.095090866088867,10,120,,,,
,10,120,9.717168807983398,0.4625000059604645,,
,10,120,,,0.3792613744735718,
12.039016723632812,11,121,,,,
9.872152328491211,11,122,,,,
9.54608154296875,11,123,,,,
13.992067337036133,11,124,,,,
10.419146537780762,11,125,,,,
10.487165451049805,11,126,,,,
11.406776428222656,11,127,,,,
10.341721534729004,11,128,,,,
9.179327964782715,11,129,,,,
9.59196949005127,11,130,,,,
10.758437156677246,11,131,,,,
,11,131,9.337234497070312,0.4625000059604645,,
,11,131,,,0.36221590638160706,
11.534512519836426,12,132,,,,
9.411176681518555,12,133,,,,
8.993870735168457,12,134,,,,
13.59577465057373,12,135,,,,
10.067436218261719,12,136,,,,
10.059118270874023,12,137,,,,
11.004350662231445,12,138,,,,
10.014599800109863,12,139,,,,
8.803218841552734,12,140,,,,
9.183029174804688,12,141,,,,
10.505620956420898,12,142,,,,
,12,142,9.076383590698242,0.4625000059604645,,
,12,142,,,0.35227271914482117,
11.031042098999023,13,143,,,,
9.090986251831055,13,144,,,,
8.561258316040039,13,145,,,,
13.236547470092773,13,146,,,,
9.726163864135742,13,147,,,,
9.721277236938477,13,148,,,,
10.655461311340332,13,149,,,,
9.77253246307373,13,150,,,,
8.451765060424805,13,151,,,,
8.836347579956055,13,152,,,,
10.299489974975586,13,153,,,,
,13,153,8.85598087310791,0.42500001192092896,,
,13,153,,,0.3380681872367859,
10.632914543151855,14,154,,,,
8.821742057800293,14,155,,,,
8.202004432678223,14,156,,,,
12.844525337219238,14,157,,,,
9.375473022460938,14,158,,,,
9.466954231262207,14,159,,,,
10.336819648742676,14,160,,,,
9.506837844848633,14,161,,,,
8.163915634155273,14,162,,,,
8.538911819458008,14,163,,,,
10.081779479980469,14,164,,,,
,14,164,8.633792877197266,0.375,,
,14,164,,,0.3394886255264282,
10.24181079864502,15,165,,,,
8.613750457763672,15,166,,,,
7.893629550933838,15,167,,,,
12.600140571594238,15,168,,,,
9.129210472106934,15,169,,,,
9.21115493774414,15,170,,,,
10.060648918151855,15,171,,,,
9.283380508422852,15,172,,,,
7.953132629394531,15,173,,,,
8.29218864440918,15,174,,,,
9.92596435546875,15,175,,,,
,15,175,8.472990989685059,0.375,,
,15,175,,,0.33664771914482117,
9.862833023071289,16,176,,,,
8.408334732055664,16,177,,,,
7.65120792388916,16,178,,,,
12.331305503845215,16,179,,,,
8.866498947143555,16,180,,,,
9.064281463623047,16,181,,,,
9.83074951171875,16,182,,,,
9.107693672180176,16,183,,,,
7.754688262939453,16,184,,,,
8.078312873840332,16,185,,,,
9.80248737335205,16,186,,,,
,16,186,8.326836585998535,0.3499999940395355,,
,16,186,,,0.33664771914482117,
9.53661060333252,17,187,,,,
8.225210189819336,17,188,,,,
7.418417930603027,17,189,,,,
12.108125686645508,17,190,,,,
8.67575454711914,17,191,,,,
8.91550064086914,17,192,,,,
9.64929485321045,17,193,,,,
8.945833206176758,17,194,,,,
7.558725833892822,17,195,,,,
7.934762001037598,17,196,,,,
9.637937545776367,17,197,,,,
,17,197,8.201458930969238,0.3125,,
,17,197,,,0.33522728085517883,
9.273628234863281,18,198,,,,
8.076103210449219,18,199,,,,
7.226513862609863,18,200,,,,
11.910987854003906,18,201,,,,
8.48692512512207,18,202,,,,
8.78575611114502,18,203,,,,
9.542160034179688,18,204,,,,
8.754132270812988,18,205,,,,
7.46120548248291,18,206,,,,
7.773001194000244,18,207,,,,
9.528051376342773,18,208,,,,
,18,208,8.122698783874512,0.32499998807907104,,
,18,208,,,0.3295454680919647,
8.992189407348633,19,209,,,,
7.9683685302734375,19,210,,,,
7.103461265563965,19,211,,,,
11.706136703491211,19,212,,,,
8.309614181518555,19,213,,,,
8.72358512878418,19,214,,,,
9.396821975708008,19,215,,,,
8.5816650390625,19,216,,,,
7.376646518707275,19,217,,,,
7.630836486816406,19,218,,,,
9.41657543182373,19,219,,,,
,19,219,8.056021690368652,0.3125,,
,19,219,,,0.32528409361839294,
8.780254364013672,20,220,,,,
7.889397621154785,20,221,,,,
6.9781036376953125,20,222,,,,
11.545787811279297,20,223,,,,
8.198113441467285,20,224,,,,
8.637842178344727,20,225,,,,
9.242380142211914,20,226,,,,
8.410562515258789,20,227,,,,
7.284152030944824,20,228,,,,
7.519752502441406,20,229,,,,
9.321731567382812,20,230,,,,
,20,230,8.00558853149414,0.30000001192092896,,
,20,230,,,0.32528409361839294,
8.573282241821289,21,231,,,,
7.8035149574279785,21,232,,,,
6.861077785491943,21,233,,,,
11.449468612670898,21,234,,,,
8.063682556152344,21,235,,,,
8.60658073425293,21,236,,,,
9.179067611694336,21,237,,,,
8.249757766723633,21,238,,,,
7.196427822113037,21,239,,,,
7.4269914627075195,21,240,,,,
9.234029769897461,21,241,,,,
,21,241,7.967970371246338,0.2750000059604645,,
,21,241,,,0.3167613744735718,
8.43546199798584,22,242,,,,
7.717865943908691,22,243,,,,
6.788804054260254,22,244,,,,
11.279638290405273,22,245,,,,
7.9762678146362305,22,246,,,,
8.5147123336792,22,247,,,,
9.091608047485352,22,248,,,,
8.1239652633667,22,249,,,,
7.108182430267334,22,250,,,,
7.331775665283203,22,251,,,,
9.140030860900879,22,252,,,,
,22,252,7.928757667541504,0.26249998807907104,,
,22,252,,,0.3167613744735718,
8.295068740844727,23,253,,,,
7.656913757324219,23,254,,,,
6.702055931091309,23,255,,,,
11.159894943237305,23,256,,,,
7.882905006408691,23,257,,,,
8.462910652160645,23,258,,,,
9.051819801330566,23,259,,,,
7.992069244384766,23,260,,,,
7.046638488769531,23,261,,,,
7.254077911376953,23,262,,,,
9.022607803344727,23,263,,,,
,23,263,7.902734279632568,0.25,,
,23,263,,,0.3082386255264282,
8.200987815856934,24,264,,,,
7.575100898742676,24,265,,,,
6.65313720703125,24,266,,,,
11.043152809143066,24,267,,,,
7.816204071044922,24,268,,,,
8.389232635498047,24,269,,,,
9.014187812805176,24,270,,,,
7.904229640960693,24,271,,,,
7.005124092102051,24,272,,,,
7.1719183921813965,24,273,,,,
8.944750785827637,24,274,,,,
,24,274,7.891794681549072,0.25,,
,24,274,,,0.3068181872367859,
8.113729476928711,25,275,,,,
7.507358551025391,25,276,,,,
6.596209526062012,25,277,,,,
10.921751022338867,25,278,,,,
7.712289333343506,25,279,,,,
8.35820198059082,25,280,,,,
9.009391784667969,25,281,,,,
7.8008832931518555,25,282,,,,
6.902528285980225,25,283,,,,
7.112046241760254,25,284,,,,
8.853970527648926,25,285,,,,
,25,285,7.872210502624512,0.25,,
,25,285,,,0.30965909361839294,
8.027363777160645,26,286,,,,
7.444904327392578,26,287,,,,
6.521222114562988,26,288,,,,
10.848241806030273,26,289,,,,
7.639208793640137,26,290,,,,
8.33470630645752,26,291,,,,
8.970988273620605,26,292,,,,
7.689839839935303,26,293,,,,
6.845977783203125,26,294,,,,
7.0495171546936035,26,295,,,,
8.78742504119873,26,296,,,,
,26,296,7.871519565582275,0.25,,
,26,296,,,0.3082386255264282,
7.961667537689209,27,297,,,,
7.401890754699707,27,298,,,,
6.4307684898376465,27,299,,,,
10.705330848693848,27,300,,,,
7.582755088806152,27,301,,,,
8.289599418640137,27,302,,,,
8.928214073181152,27,303,,,,
7.6093034744262695,27,304,,,,
6.771221160888672,27,305,,,,
7.000148773193359,27,306,,,,
8.70890998840332,27,307,,,,
,27,307,7.861269474029541,0.25,,
,27,307,,,0.30397728085517883,
7.8977251052856445,28,308,,,,
7.361226558685303,28,309,,,,
6.367901802062988,28,310,,,,
10.658637046813965,28,311,,,,
7.5079345703125,28,312,,,,
8.256911277770996,28,313,,,,
8.87729263305664,28,314,,,,
7.5380964279174805,28,315,,,,
6.704759120941162,28,316,,,,
6.9590325355529785,28,317,,,,
8.634242057800293,28,318,,,,
,28,318,7.844316005706787,0.25,,
,28,318,,,0.3011363744735718,
7.837708950042725,29,319,,,,
7.331612586975098,29,320,,,,
6.3052496910095215,29,321,,,,
10.53172779083252,29,322,,,,
7.436840057373047,29,323,,,,
8.225855827331543,29,324,,,,
8.832893371582031,29,325,,,,
7.472350120544434,29,326,,,,
6.65850830078125,29,327,,,,
6.9007673263549805,29,328,,,,
8.565771102905273,29,329,,,,
,29,329,7.842515468597412,0.25,,
,29,329,,,0.3025568127632141,
7.772578239440918,30,330,,,,
7.312013149261475,30,331,,,,
6.267965793609619,30,332,,,,
10.456283569335938,30,333,,,,
7.368621826171875,30,334,,,,
8.166217803955078,30,335,,,,
8.778375625610352,30,336,,,,
7.415652275085449,30,337,,,,
6.5646867752075195,30,338,,,,
6.830686092376709,30,339,,,,
8.495665550231934,30,340,,,,
,30,340,7.846205711364746,0.25,,
,30,340,,,0.3011363744735718,
7.716134548187256,31,341,,,,
7.2678117752075195,31,342,,,,
6.208974838256836,31,343,,,,
10.339319229125977,31,344,,,,
7.308602333068848,31,345,,,,
8.128478050231934,31,346,,,,
8.718406677246094,31,347,,,,
7.3529205322265625,31,348,,,,
6.508656978607178,31,349,,,,
6.762497901916504,31,350,,,,
8.446549415588379,31,351,,,,
,31,351,7.851576328277588,0.25,,
,31,351,,,0.3025568127632141,
7.6525068283081055,32,352,,,,
7.253806114196777,32,353,,,,
6.152752876281738,32,354,,,,
10.262849807739258,32,355,,,,
7.267752170562744,32,356,,,,
8.07459831237793,32,357,,,,
8.667940139770508,32,358,,,,
7.297135829925537,32,359,,,,
6.4633026123046875,32,360,,,,
6.682095527648926,32,361,,,,
8.386028289794922,32,362,,,,
,32,362,7.846806526184082,0.25,,
,32,362,,,0.296875,
7.617593288421631,33,363,,,,
7.232998847961426,33,364,,,,
6.112019062042236,33,365,,,,
10.16661548614502,33,366,,,,
7.191951751708984,33,367,,,,
8.057955741882324,33,368,,,,
8.616350173950195,33,369,,,,
7.250775337219238,33,370,,,,
6.419867038726807,33,371,,,,
6.644287109375,33,372,,,,
8.323991775512695,33,373,,,,
,33,373,7.859007835388184,0.25,,
,33,373,,,0.28977271914482117,
7.541558742523193,34,374,,,,
7.226003170013428,34,375,,,,
6.103983402252197,34,376,,,,
10.09664535522461,34,377,,,,
7.123435974121094,34,378,,,,
8.01801872253418,34,379,,,,
8.590459823608398,34,380,,,,
7.175302982330322,34,381,,,,
6.351529121398926,34,382,,,,
6.559239864349365,34,383,,,,
8.259624481201172,34,384,,,,
,34,384,7.8782477378845215,0.25,,
,34,384,,,0.28835228085517883,
7.5153045654296875,35,385,,,,
7.19180965423584,35,386,,,,
6.047287940979004,35,387,,,,
9.999993324279785,35,388,,,,
7.043398857116699,35,389,,,,
7.990773677825928,35,390,,,,
8.542640686035156,35,391,,,,
7.124551296234131,35,392,,,,
6.324611186981201,35,393,,,,
6.531310081481934,35,394,,,,
8.168939590454102,35,395,,,,
,35,395,7.8530755043029785,0.25,,
,35,395,,,0.2798295319080353,
7.473084926605225,36,396,,,,
7.185951232910156,36,397,,,,
5.9846906661987305,36,398,,,,
9.963502883911133,36,399,,,,
6.995107173919678,36,400,,,,
7.9249982833862305,36,401,,,,
8.500072479248047,36,402,,,,
7.0656914710998535,36,403,,,,
6.269068717956543,36,404,,,,
6.473947048187256,36,405,,,,
8.118653297424316,36,406,,,,
,36,406,7.857728481292725,0.25,,
,36,406,,,0.27414771914482117,
7.460135459899902,37,407,,,,
7.16375207901001,37,408,,,,
5.9497857093811035,37,409,,,,
9.889137268066406,37,410,,,,
6.9337158203125,37,411,,,,
7.893881797790527,37,412,,,,
8.462808609008789,37,413,,,,
7.013871192932129,37,414,,,,
6.218243598937988,37,415,,,,
6.4348602294921875,37,416,,,,
8.058416366577148,37,417,,,,
,37,417,7.875221252441406,0.25,,
,37,417,,,0.27272728085517883,
7.416298866271973,38,418,,,,
7.158392906188965,38,419,,,,
5.913233280181885,38,420,,,,
9.802811622619629,38,421,,,,
6.873034477233887,38,422,,,,
7.860525608062744,38,423,,,,
8.426794052124023,38,424,,,,
6.953817844390869,38,425,,,,
6.167850494384766,38,426,,,,
6.402157783508301,38,427,,,,
7.979820251464844,38,428,,,,
,38,428,7.876067161560059,0.25,,
,38,428,,,0.2698863744735718,
7.3923540115356445,39,429,,,,
7.142033576965332,39,430,,,,
5.872038841247559,39,431,,,,
9.742958068847656,39,432,,,,
6.832883358001709,39,433,,,,
7.832507133483887,39,434,,,,
8.376527786254883,39,435,,,,
6.895623207092285,39,436,,,,
6.137955665588379,39,437,,,,
6.37538480758667,39,438,,,,
7.928598880767822,39,439,,,,
,39,439,7.876458168029785,0.25,,
,39,439,,,0.265625,
7.353368282318115,40,440,,,,
7.142820835113525,40,441,,,,
5.854399681091309,40,442,,,,
9.659982681274414,40,443,,,,
6.799131870269775,40,444,,,,
7.792818546295166,40,445,,,,
8.324289321899414,40,446,,,,
6.885015964508057,40,447,,,,
6.067805767059326,40,448,,,,
6.3307013511657715,40,449,,,,
7.86920690536499,40,450,,,,
,40,450,7.894920349121094,0.25,,
,40,450,,,0.2642045319080353,
7.324233055114746,41,451,,,,
7.133970737457275,41,452,,,,
5.850266456604004,41,453,,,,
9.592175483703613,41,454,,,,
6.7328691482543945,41,455,,,,
7.783384799957275,41,456,,,,
8.266680717468262,41,457,,,,
6.809519290924072,41,458,,,,
6.019989967346191,41,459,,,,
6.297400951385498,41,460,,,,
7.7959699630737305,41,461,,,,
,41,461,7.898576259613037,0.25,,
,41,461,,,0.26278409361839294,
7.291476249694824,42,462,,,,
7.127260684967041,42,463,,,,
5.817169189453125,42,464,,,,
9.563056945800781,42,465,,,,
6.681041717529297,42,466,,,,
7.760565280914307,42,467,,,,
8.231283187866211,42,468,,,,
6.759847164154053,42,469,,,,
5.981202125549316,42,470,,,,
6.248570919036865,42,471,,,,
7.753798007965088,42,472,,,,
,42,472,7.918809413909912,0.25,,
,42,472,,,0.26278409361839294,
7.2326555252075195,43,473,,,,
7.130190849304199,43,474,,,,
5.808780193328857,43,475,,,,
9.47729778289795,43,476,,,,
6.6478590965271,43,477,,,,
7.71854305267334,43,478,,,,
8.187910079956055,43,479,,,,
6.727414608001709,43,480,,,,
5.934599876403809,43,481,,,,
6.2262067794799805,43,482,,,,
7.693737983703613,43,483,,,,
,43,483,7.9349212646484375,0.25,,
,43,483,,,0.2613636255264282,
7.2141852378845215,44,484,,,,
7.112793922424316,44,485,,,,
5.785250663757324,44,486,,,,
9.392443656921387,44,487,,,,
6.605469703674316,44,488,,,,
7.715886116027832,44,489,,,,
8.162681579589844,44,490,,,,
6.676943302154541,44,491,,,,
5.8892316818237305,44,492,,,,
6.178306579589844,44,493,,,,
7.610678195953369,44,494,,,,
,44,494,7.972506046295166,0.25,,
,44,494,,,0.25284090638160706,
7.182272911071777,45,495,,,,
7.089291572570801,45,496,,,,
5.7680277824401855,45,497,,,,
9.308735847473145,45,498,,,,
6.583776950836182,45,499,,,,
7.699754238128662,45,500,,,,
8.113297462463379,45,501,,,,
6.605552673339844,45,502,,,,
5.840755462646484,45,503,,,,
6.125723361968994,45,504,,,,
7.5566911697387695,45,505,,,,
,45,505,7.986939907073975,0.25,,
,45,505,,,0.2514204680919647,
7.15554141998291,46,506,,,,
7.0838212966918945,46,507,,,,
5.7262749671936035,46,508,,,,
9.232670783996582,46,509,,,,
6.553658962249756,46,510,,,,
7.678072929382324,46,511,,,,
8.070972442626953,46,512,,,,
6.553047180175781,46,513,,,,
5.80214786529541,46,514,,,,
6.069076061248779,46,515,,,,
7.4920759201049805,46,516,,,,
,46,516,7.996809959411621,0.25,,
,46,516,,,0.25,
7.154249668121338,47,517,,,,
7.080979824066162,47,518,,,,
5.712611675262451,47,519,,,,
9.177062034606934,47,520,,,,
6.511700630187988,47,521,,,,
7.6778244972229,47,522,,,,
8.032651901245117,47,523,,,,
6.508877754211426,47,524,,,,
5.760263442993164,47,525,,,,
6.055857181549072,47,526,,,,
7.445220947265625,47,527,,,,
,47,527,8.0147705078125,0.23749999701976776,,
,47,527,,,0.25,
7.1070966720581055,48,528,,,,
7.080761909484863,48,529,,,,
5.69021463394165,48,530,,,,
9.093978881835938,48,531,,,,
6.476959228515625,48,532,,,,
7.657371520996094,48,533,,,,
8.030302047729492,48,534,,,,
6.494370937347412,48,535,,,,
5.735687732696533,48,536,,,,
6.013149261474609,48,537,,,,
7.392311096191406,48,538,,,,
,48,538,8.055482864379883,0.23749999701976776,,
,48,538,,,0.24715909361839294,
7.070859432220459,49,539,,,,
7.064277648925781,49,540,,,,
5.715912818908691,49,541,,,,
9.009184837341309,49,542,,,,
6.480485439300537,49,543,,,,
7.618996620178223,49,544,,,,
7.971579074859619,49,545,,,,
6.428341865539551,49,546,,,,
5.690610408782959,49,547,,,,
5.9596123695373535,49,548,,,,
7.291657447814941,49,549,,,,
,49,549,8.060235977172852,0.23749999701976776,,
,49,549,,,0.24715909361839294,
7.064305782318115,50,550,,,,
7.057264804840088,50,551,,,,
5.6809186935424805,50,552,,,,
8.952448844909668,50,553,,,,
6.42891788482666,50,554,,,,
7.612381935119629,50,555,,,,
7.9142045974731445,50,556,,,,
6.378364562988281,50,557,,,,
5.630888938903809,50,558,,,,
5.9436235427856445,50,559,,,,
7.250166893005371,50,560,,,,
,50,560,8.071770668029785,0.23749999701976776,,
,50,560,,,0.24715909361839294,
7.007296085357666,51,561,,,,
7.073262691497803,51,562,,,,
5.638646125793457,51,563,,,,
8.888299942016602,51,564,,,,
6.40551233291626,51,565,,,,
7.584828853607178,51,566,,,,
7.8896355628967285,51,567,,,,
6.346972465515137,51,568,,,,
5.576466083526611,51,569,,,,
5.893210411071777,51,570,,,,
7.190785884857178,51,571,,,,
,51,571,8.096044540405273,0.23749999701976776,,
,51,571,,,0.24289773404598236,
6.998780727386475,52,572,,,,
7.064725399017334,52,573,,,,
5.6462297439575195,52,574,,,,
8.791620254516602,52,575,,,,
6.389673709869385,52,576,,,,
7.5461931228637695,52,577,,,,
7.836839199066162,52,578,,,,
6.304622650146484,52,579,,,,
5.565486431121826,52,580,,,,
5.850593566894531,52,581,,,,
7.113301753997803,52,582,,,,
,52,582,8.119546890258789,0.22499999403953552,,
,52,582,,,0.2443181872367859,
6.961683750152588,53,583,,,,
7.0692901611328125,53,584,,,,
5.65341329574585,53,585,,,,
8.768095016479492,53,586,,,,
6.3700151443481445,53,587,,,,
7.498704433441162,53,588,,,,
7.801043510437012,53,589,,,,
6.286815643310547,53,590,,,,
5.5072340965271,53,591,,,,
5.79531717300415,53,592,,,,
7.061344146728516,53,593,,,,
,53,593,8.147806167602539,0.23749999701976776,,
,53,593,,,0.24573864042758942,
6.904554843902588,54,594,,,,
7.038649082183838,54,595,,,,
5.602610111236572,54,596,,,,
8.700355529785156,54,597,,,,
6.336263179779053,54,598,,,,
7.50210428237915,54,599,,,,
7.749164581298828,54,600,,,,
6.240574836730957,54,601,,,,
5.448849201202393,54,602,,,,
5.773403644561768,54,603,,,,
6.994931697845459,54,604,,,,
,54,604,8.176230430603027,0.22499999403953552,,
,54,604,,,0.24289773404598236,
6.867292881011963,55,605,,,,
7.012088775634766,55,606,,,,
5.603200435638428,55,607,,,,
8.625473022460938,55,608,,,,
6.331273078918457,55,609,,,,
7.436144828796387,55,610,,,,
7.708895683288574,55,611,,,,
6.21328067779541,55,612,,,,
5.376492500305176,55,613,,,,
5.749078750610352,55,614,,,,
6.940830230712891,55,615,,,,
,55,615,8.193303108215332,0.22499999403953552,,
,55,615,,,0.2443181872367859,
6.865292549133301,56,616,,,,
7.021543979644775,56,617,,,,
5.5938239097595215,56,618,,,,
8.558965682983398,56,619,,,,
6.299802780151367,56,620,,,,
7.42206335067749,56,621,,,,
7.65246057510376,56,622,,,,
6.190957069396973,56,623,,,,
5.293482303619385,56,624,,,,
5.7348833084106445,56,625,,,,
6.883362770080566,56,626,,,,
,56,626,8.213982582092285,0.22499999403953552,,
,56,626,,,0.2400568127632141,
6.803102016448975,57,627,,,,
7.0243239402771,57,628,,,,
5.577408790588379,57,629,,,,
8.529984474182129,57,630,,,,
6.287289619445801,57,631,,,,
7.371331691741943,57,632,,,,
7.624922275543213,57,633,,,,
6.128983497619629,57,634,,,,
5.274060249328613,57,635,,,,
5.702357292175293,57,636,,,,
6.8180718421936035,57,637,,,,
,57,637,8.215021133422852,0.22499999403953552,,
,57,637,,,0.23863635957241058,
6.76592493057251,58,638,,,,
6.998654842376709,58,639,,,,
5.552851676940918,58,640,,,,
8.487302780151367,58,641,,,,
6.254288673400879,58,642,,,,
7.375157833099365,58,643,,,,
7.59744930267334,58,644,,,,
6.128262519836426,58,645,,,,
5.19303035736084,58,646,,,,
5.653459548950195,58,647,,,,
6.767215728759766,58,648,,,,
,58,648,8.239534378051758,0.22499999403953552,,
,58,648,,,0.234375,
6.749085903167725,59,649,,,,
6.980649471282959,59,650,,,,
5.557433128356934,59,651,,,,
8.377981185913086,59,652,,,,
6.204775333404541,59,653,,,,
7.330285549163818,59,654,,,,
7.579382419586182,59,655,,,,
6.048193454742432,59,656,,,,
5.176805019378662,59,657,,,,
5.634955406188965,59,658,,,,
6.683438301086426,59,659,,,,
,59,659,8.226412773132324,0.22499999403953552,,
,59,659,,,0.23295454680919647,
6.719753265380859,60,660,,,,
6.97304630279541,60,661,,,,
5.549187660217285,60,662,,,,
8.369368553161621,60,663,,,,
6.1835503578186035,60,664,,,,
7.291558265686035,60,665,,,,
7.561453342437744,60,666,,,,
6.028033256530762,60,667,,,,
5.100680828094482,60,668,,,,
5.608482837677002,60,669,,,,
6.641750335693359,60,670,,,,
,60,670,8.245518684387207,0.22499999403953552,,
,60,670,,,0.23153409361839294,
6.701718330383301,61,671,,,,
6.969674587249756,61,672,,,,
5.551179885864258,61,673,,,,
8.282824516296387,61,674,,,,
6.144513130187988,61,675,,,,
7.245282173156738,61,676,,,,
7.521084785461426,61,677,,,,
5.982479095458984,61,678,,,,
5.094326019287109,61,679,,,,
5.588694095611572,61,680,,,,
6.591774940490723,61,681,,,,
,61,681,8.259684562683105,0.22499999403953552,,
,61,681,,,0.23153409361839294,
6.658746242523193,62,682,,,,
6.948203086853027,62,683,,,,
5.561974048614502,62,684,,,,
8.230677604675293,62,685,,,,
6.091843128204346,62,686,,,,
7.216040134429932,62,687,,,,
7.492745399475098,62,688,,,,
5.961350917816162,62,689,,,,
5.013363838195801,62,690,,,,
5.559793472290039,62,691,,,,
6.553663730621338,62,692,,,,
,62,692,8.265129089355469,0.22499999403953552,,
,62,692,,,0.22727273404598236,
6.593206882476807,63,693,,,,
6.927462577819824,63,694,,,,
5.5208740234375,63,695,,,,
8.194664001464844,63,696,,,,
6.066915512084961,63,697,,,,
7.194811820983887,63,698,,,,
7.4530439376831055,63,699,,,,
5.907209396362305,63,700,,,,
4.947361946105957,63,701,,,,
5.5443644523620605,63,702,,,,
6.475030422210693,63,703,,,,
,63,703,8.253946304321289,0.23749999701976776,,
,63,703,,,0.2286931872367859,
6.574339866638184,64,704,,,,
6.9225754737854,64,705,,,,
5.497315406799316,64,706,,,,
8.105456352233887,64,707,,,,
6.040164470672607,64,708,,,,
7.162930488586426,64,709,,,,
7.4200921058654785,64,710,,,,
5.90098762512207,64,711,,,,
4.93945837020874,64,712,,,,
5.533205986022949,64,713,,,,
6.443264961242676,64,714,,,,
,64,714,8.2681303024292,0.23749999701976776,,
,64,714,,,0.22585226595401764,
6.528923034667969,65,715,,,,
6.92009973526001,65,716,,,,
5.47422456741333,65,717,,,,
8.05713939666748,65,718,,,,
5.999269485473633,65,719,,,,
7.153036594390869,65,720,,,,
7.395020961761475,65,721,,,,
5.878139972686768,65,722,,,,
4.865523338317871,65,723,,,,
5.523276329040527,65,724,,,,
6.4259748458862305,65,725,,,,
,65,725,8.302236557006836,0.23749999701976776,,
,65,725,,,0.22159090638160706,
6.5093674659729,66,726,,,,
6.9137749671936035,66,727,,,,
5.495537281036377,66,728,,,,
7.969139099121094,66,729,,,,
5.95388650894165,66,730,,,,
7.100277900695801,66,731,,,,
7.370717525482178,66,732,,,,
5.8051629066467285,66,733,,,,
4.8364973068237305,66,734,,,,
5.486931324005127,66,735,,,,
6.325750827789307,66,736,,,,
,66,736,8.285249710083008,0.22499999403953552,,
,66,736,,,0.21875,
6.465826511383057,67,737,,,,
6.9029436111450195,67,738,,,,
5.4762444496154785,67,739,,,,
7.977475643157959,67,740,,,,
5.925693511962891,67,741,,,,
7.052002906799316,67,742,,,,
7.324496269226074,67,743,,,,
5.802364826202393,67,744,,,,
4.831562519073486,67,745,,,,
5.494412422180176,67,746,,,,
6.313279151916504,67,747,,,,
,67,747,8.281681060791016,0.22499999403953552,,
,67,747,,,0.21590909361839294,
6.423890113830566,68,748,,,,
6.9105377197265625,68,749,,,,
5.448081016540527,68,750,,,,
7.892355918884277,68,751,,,,
5.907608509063721,68,752,,,,
7.034544944763184,68,753,,,,
7.322184085845947,68,754,,,,
5.810055732727051,68,755,,,,
4.738282203674316,68,756,,,,
5.4645280838012695,68,757,,,,
6.277337551116943,68,758,,,,
,68,758,8.331080436706543,0.22499999403953552,,
,68,758,,,0.21448864042758942,
6.411120414733887,69,759,,,,
6.907536506652832,69,760,,,,
5.493635177612305,69,761,,,,
7.808217525482178,69,762,,,,
5.860581874847412,69,763,,,,
6.986180782318115,69,764,,,,
7.270878791809082,69,765,,,,
5.728537559509277,69,766,,,,
4.745833396911621,69,767,,,,
5.444000244140625,69,768,,,,
6.234283447265625,69,769,,,,
,69,769,8.301682472229004,0.22499999403953552,,
,69,769,,,0.2130681872367859,
6.349393844604492,70,770,,,,
6.89364767074585,70,771,,,,
5.424942970275879,70,772,,,,
7.829466819763184,70,773,,,,
5.832951545715332,70,774,,,,
6.948552131652832,70,775,,,,
7.224430084228516,70,776,,,,
5.737269878387451,70,777,,,,
4.683858394622803,70,778,,,,
5.426039695739746,70,779,,,,
6.200023174285889,70,780,,,,
,70,780,8.335641860961914,0.22499999403953552,,
,70,780,,,0.20738635957241058,
6.326425552368164,71,781,,,,
6.899237632751465,71,782,,,,
5.4400177001953125,71,783,,,,
7.73956823348999,71,784,,,,
5.789519309997559,71,785,,,,
6.8923540115356445,71,786,,,,
7.207987308502197,71,787,,,,
5.706971168518066,71,788,,,,
4.706250190734863,71,789,,,,
5.394195556640625,71,790,,,,
6.122320652008057,71,791,,,,
,71,791,8.32780647277832,0.22499999403953552,,
,71,791,,,0.20738635957241058,
6.300103187561035,72,792,,,,
6.86536169052124,72,793,,,,
5.424867630004883,72,794,,,,
7.699232578277588,72,795,,,,
5.727141380310059,72,796,,,,
6.866515159606934,72,797,,,,
7.156440734863281,72,798,,,,
5.6931939125061035,72,799,,,,
4.630483150482178,72,800,,,,
5.392905235290527,72,801,,,,
6.077691078186035,72,802,,,,
,72,802,8.327747344970703,0.22499999403953552,,
,72,802,,,0.20454545319080353,
6.283428192138672,73,803,,,,
6.854881286621094,73,804,,,,
5.392569065093994,73,805,,,,
7.609039306640625,73,806,,,,
5.679661750793457,73,807,,,,
6.846783638000488,73,808,,,,
7.131875038146973,73,809,,,,
5.6251678466796875,73,810,,,,
4.633640766143799,73,811,,,,
5.362088203430176,73,812,,,,
6.046086311340332,73,813,,,,
,73,813,8.334077835083008,0.22499999403953552,,
,73,813,,,0.20170454680919647,
6.224595069885254,74,814,,,,
6.836503505706787,74,815,,,,
5.396045684814453,74,816,,,,
7.581357479095459,74,817,,,,
5.639786720275879,74,818,,,,
6.7943925857543945,74,819,,,,
7.095301151275635,74,820,,,,
5.611100196838379,74,821,,,,
4.562941551208496,74,822,,,,
5.376879692077637,74,823,,,,
6.005911827087402,74,824,,,,
,74,824,8.311162948608398,0.21250000596046448,,
,74,824,,,0.203125,
6.20752477645874,75,825,,,,
6.804268836975098,75,826,,,,
5.309330940246582,75,827,,,,
7.477163791656494,75,828,,,,
5.616199970245361,75,829,,,,
6.79241943359375,75,830,,,,
7.0612969398498535,75,831,,,,
5.617807865142822,75,832,,,,
4.533942222595215,75,833,,,,
5.334911346435547,75,834,,,,
5.945239067077637,75,835,,,,
,75,835,8.339101791381836,0.20000000298023224,,
,75,835,,,0.20170454680919647,
6.177655220031738,76,836,,,,
6.810053825378418,76,837,,,,
5.297381401062012,76,838,,,,
7.436059474945068,76,839,,,,
5.561849594116211,76,840,,,,
6.7666497230529785,76,841,,,,
7.030432224273682,76,842,,,,
5.525964260101318,76,843,,,,
4.517508029937744,76,844,,,,
5.3332343101501465,76,845,,,,
5.9240288734436035,76,846,,,,
,76,846,8.317144393920898,0.1875,,
,76,846,,,0.20028409361839294,
6.150808334350586,77,847,,,,
6.786695957183838,77,848,,,,
5.254865646362305,77,849,,,,
7.376774787902832,77,850,,,,
5.55650520324707,77,851,,,,
6.729267120361328,77,852,,,,
6.992501258850098,77,853,,,,
5.564574241638184,77,854,,,,
4.41154670715332,77,855,,,,
5.310149192810059,77,856,,,,
5.886596202850342,77,857,,,,
,77,857,8.338839530944824,0.1875,,
,77,857,,,0.20028409361839294,
6.109772205352783,78,858,,,,
6.7718963623046875,78,859,,,,
5.24849796295166,78,860,,,,
7.26537561416626,78,861,,,,
5.527036666870117,78,862,,,,
6.683538913726807,78,863,,,,
6.953473091125488,78,864,,,,
5.487366676330566,78,865,,,,
4.414366245269775,78,866,,,,
5.299770355224609,78,867,,,,
5.812985420227051,78,868,,,,
,78,868,8.29442024230957,0.17499999701976776,,
,78,868,,,0.1931818127632141,
6.038423538208008,79,869,,,,
6.755221366882324,79,870,,,,
5.225707054138184,79,871,,,,
7.272879600524902,79,872,,,,
5.521592140197754,79,873,,,,
6.656935214996338,79,874,,,,
6.949898719787598,79,875,,,,
5.501629829406738,79,876,,,,
4.311638832092285,79,877,,,,
5.287105083465576,79,878,,,,
5.835793495178223,79,879,,,,
,79,879,8.319894790649414,0.17499999701976776,,
,79,879,,,0.19176135957241058,
5.977985382080078,80,880,,,,
6.7173357009887695,80,881,,,,
5.183764457702637,80,882,,,,
7.148336887359619,80,883,,,,
5.510454177856445,80,884,,,,
6.608811378479004,80,885,,,,
6.925396919250488,80,886,,,,
5.473172187805176,80,887,,,,
4.291078567504883,80,888,,,,
5.255592346191406,80,889,,,,
5.754530906677246,80,890,,,,
,80,890,8.288147926330566,0.17499999701976776,,
,80,890,,,0.18892045319080353,
5.924227237701416,81,891,,,,
6.700436592102051,81,892,,,,
5.212413787841797,81,893,,,,
7.137900352478027,81,894,,,,
5.464149475097656,81,895,,,,
6.571032524108887,81,896,,,,
6.895124912261963,81,897,,,,
5.4362053871154785,81,898,,,,
4.261906623840332,81,899,,,,
5.233818054199219,81,900,,,,
5.75124979019165,81,901,,,,
,81,901,8.271883964538574,0.17499999701976776,,
,81,901,,,0.1931818127632141,
5.850030422210693,82,902,,,,
6.680397987365723,82,903,,,,
5.197295665740967,82,904,,,,
7.070532321929932,82,905,,,,
5.447129249572754,82,906,,,,
6.542542934417725,82,907,,,,
6.8627119064331055,82,908,,,,
5.444069862365723,82,909,,,,
4.2049760818481445,82,910,,,,
5.259457111358643,82,911,,,,
5.731750965118408,82,912,,,,
,82,912,8.246621131896973,0.17499999701976776,,
,82,912,,,0.19602273404598236,
5.825258731842041,83,913,,,,
6.643990516662598,83,914,,,,
5.199575424194336,83,915,,,,
7.0030622482299805,83,916,,,,
5.408318519592285,83,917,,,,
6.517612457275391,83,918,,,,
6.866044521331787,83,919,,,,
5.397127151489258,83,920,,,,
4.178903102874756,83,921,,,,
5.1993584632873535,83,922,,,,
5.689785003662109,83,923,,,,
,83,923,8.22245979309082,0.1875,,
,83,923,,,0.1931818127632141,
5.749116897583008,84,924,,,,
6.619246482849121,84,925,,,,
5.175997734069824,84,926,,,,
6.95719051361084,84,927,,,,
5.386039733886719,84,928,,,,
6.474047660827637,84,929,,,,
6.814974784851074,84,930,,,,
5.337634563446045,84,931,,,,
4.14102840423584,84,932,,,,
5.192265510559082,84,933,,,,
5.682058811187744,84,934,,,,
,84,934,8.185402870178223,0.17499999701976776,,
,84,934,,,0.1931818127632141,
5.704222679138184,85,935,,,,
6.556610107421875,85,936,,,,
5.1265363693237305,85,937,,,,
6.884007930755615,85,938,,,,
5.3719353675842285,85,939,,,,
6.474268913269043,85,940,,,,
6.746431827545166,85,941,,,,
5.346949100494385,85,942,,,,
4.097481727600098,85,943,,,,
5.149386405944824,85,944,,,,
5.614112854003906,85,945,,,,
,85,945,8.200276374816895,0.17499999701976776,,
,85,945,,,0.1875,
5.718982219696045,86,946,,,,
6.569979190826416,86,947,,,,
5.155101299285889,86,948,,,,
6.80816650390625,86,949,,,,
5.336725234985352,86,950,,,,
6.4336724281311035,86,951,,,,
6.7608771324157715,86,952,,,,
5.282008647918701,86,953,,,,
4.0895209312438965,86,954,,,,
5.115025520324707,86,955,,,,
5.599395275115967,86,956,,,,
,86,956,8.18539810180664,0.1875,,
,86,956,,,0.18892045319080353,
5.6461181640625,87,957,,,,
6.521563529968262,87,958,,,,
5.161372184753418,87,959,,,,
6.807775020599365,87,960,,,,
5.312228202819824,87,961,,,,
6.433262825012207,87,962,,,,
6.726396083831787,87,963,,,,
5.288016319274902,87,964,,,,
4.033927917480469,87,965,,,,
5.1152520179748535,87,966,,,,
5.662918567657471,87,967,,,,
,87,967,8.19251537322998,0.17499999701976776,,
,87,967,,,0.18607954680919647,
5.581720352172852,88,968,,,,
6.483925819396973,88,969,,,,
5.0980987548828125,88,970,,,,
6.708252906799316,88,971,,,,
5.276991844177246,88,972,,,,
6.409142971038818,88,973,,,,
6.683236122131348,88,974,,,,
5.278307914733887,88,975,,,,
4.008383750915527,88,976,,,,
5.0669426918029785,88,977,,,,
5.570693016052246,88,978,,,,
,88,978,8.165175437927246,0.17499999701976776,,
,88,978,,,0.18607954680919647,
5.5704755783081055,89,979,,,,
6.489912509918213,89,980,,,,
5.083386421203613,89,981,,,,
6.64105224609375,89,982,,,,
5.250055313110352,89,983,,,,
6.40451717376709,89,984,,,,
6.635364532470703,89,985,,,,
5.264552116394043,89,986,,,,
3.9704208374023438,89,987,,,,
5.078868389129639,89,988,,,,
5.557038307189941,89,989,,,,
,89,989,8.179375648498535,0.17499999701976776,,
,89,989,,,0.18039773404598236,
5.532801151275635,90,990,,,,
6.491696357727051,90,991,,,,
5.122020721435547,90,992,,,,
6.599254608154297,90,993,,,,
5.253024101257324,90,994,,,,
6.366211891174316,90,995,,,,
6.6379714012146,90,996,,,,
5.203708648681641,90,997,,,,
3.9630050659179688,90,998,,,,
5.03972864151001,90,999,,,,
5.557882785797119,90,1000,,,,
,90,1000,8.171701431274414,0.1875,,
,90,1000,,,0.1818181872367859,
5.51098108291626,91,1001,,,,
6.4208526611328125,91,1002,,,,
5.096806526184082,91,1003,,,,
6.612778663635254,91,1004,,,,
5.213961601257324,91,1005,,,,
6.356562614440918,91,1006,,,,
6.617415428161621,91,1007,,,,
5.210043907165527,91,1008,,,,
3.9116973876953125,91,1009,,,,
5.004656791687012,91,1010,,,,
5.546921730041504,91,1011,,,,
,91,1011,8.173391342163086,0.1875,,
,91,1011,,,0.18039773404598236,
5.443724632263184,92,1012,,,,
6.397456169128418,92,1013,,,,
5.056731224060059,92,1014,,,,
6.533485412597656,92,1015,,,,
5.204832077026367,92,1016,,,,
6.328395366668701,92,1017,,,,
6.549391746520996,92,1018,,,,
5.16091251373291,92,1019,,,,
3.874279737472534,92,1020,,,,
4.992257118225098,92,1021,,,,
5.521450519561768,92,1022,,,,
,92,1022,8.149392127990723,0.17499999701976776,,
,92,1022,,,0.18039773404598236,
5.413599014282227,93,1023,,,,
6.384635925292969,93,1024,,,,
4.9977827072143555,93,1025,,,,
6.4819793701171875,93,1026,,,,
5.184086799621582,93,1027,,,,
6.320679664611816,93,1028,,,,
6.525415897369385,93,1029,,,,
5.171087741851807,93,1030,,,,
3.8631653785705566,93,1031,,,,
4.9643940925598145,93,1032,,,,
5.487995624542236,93,1033,,,,
,93,1033,8.176569938659668,0.17499999701976776,,
,93,1033,,,0.17613635957241058,
5.385311126708984,94,1034,,,,
6.400091648101807,94,1035,,,,
5.053948879241943,94,1036,,,,
6.455327033996582,94,1037,,,,
5.161037921905518,94,1038,,,,
6.2932448387146,94,1039,,,,
6.5504937171936035,94,1040,,,,
5.125139236450195,94,1041,,,,
3.8585426807403564,94,1042,,,,
4.94305419921875,94,1043,,,,
5.4657883644104,94,1044,,,,
,94,1044,8.175675392150879,0.1875,,
,94,1044,,,0.1775568127632141,
5.339468955993652,95,1045,,,,
6.337037563323975,95,1046,,,,
5.040247917175293,95,1047,,,,
6.461377143859863,95,1048,,,,
5.166937351226807,95,1049,,,,
6.2533769607543945,95,1050,,,,
6.484704494476318,95,1051,,,,
5.084419250488281,95,1052,,,,
3.8255202770233154,95,1053,,,,
4.916415214538574,95,1054,,,,
5.455993175506592,95,1055,,,,
,95,1055,8.15101432800293,0.17499999701976776,,
,95,1055,,,0.17613635957241058,
5.307699203491211,96,1056,,,,
6.29122257232666,96,1057,,,,
5.000990867614746,96,1058,,,,
6.370612621307373,96,1059,,,,
5.148529052734375,96,1060,,,,
6.211546897888184,96,1061,,,,
6.448741912841797,96,1062,,,,
5.0628581047058105,96,1063,,,,
3.7897586822509766,96,1064,,,,
4.895876884460449,96,1065,,,,
5.398133277893066,96,1066,,,,
,96,1066,8.127435684204102,0.17499999701976776,,
,96,1066,,,0.1775568127632141,
5.257068634033203,97,1067,,,,
6.288663387298584,97,1068,,,,
4.983887672424316,97,1069,,,,
6.313556671142578,97,1070,,,,
5.099079608917236,97,1071,,,,
6.241757392883301,97,1072,,,,
6.417181968688965,97,1073,,,,
5.0380144119262695,97,1074,,,,
3.78218150138855,97,1075,,,,
4.904757022857666,97,1076,,,,
5.441013813018799,97,1077,,,,
,97,1077,8.147982597351074,0.17499999701976776,,
,97,1077,,,0.17471590638160706,
5.235966682434082,98,1078,,,,
6.291956901550293,98,1079,,,,
4.9600300788879395,98,1080,,,,
6.295051574707031,98,1081,,,,
5.117580413818359,98,1082,,,,
6.1840033531188965,98,1083,,,,
6.433324337005615,98,1084,,,,
5.027224540710449,98,1085,,,,
3.7850005626678467,98,1086,,,,
4.873302936553955,98,1087,,,,
5.341287612915039,98,1088,,,,
,98,1088,8.113030433654785,0.17499999701976776,,
,98,1088,,,0.17329545319080353,
5.223170280456543,99,1089,,,,
6.267346382141113,99,1090,,,,
5.0275959968566895,99,1091,,,,
6.265135765075684,99,1092,,,,
5.113906383514404,99,1093,,,,
6.147891044616699,99,1094,,,,
6.382540702819824,99,1095,,,,
4.967137813568115,99,1096,,,,
3.781731128692627,99,1097,,,,
4.833601951599121,99,1098,,,,
5.371438026428223,99,1099,,,,
,99,1099,8.104116439819336,0.17499999701976776,,
,99,1099,,,0.17045454680919647,
5.176022529602051,100,1100,,,,
6.243338108062744,100,1101,,,,
4.951423168182373,100,1102,,,,
6.254750728607178,100,1103,,,,
5.077540397644043,100,1104,,,,
6.126675605773926,100,1105,,,,
6.3494977951049805,100,1106,,,,
4.951872825622559,100,1107,,,,
3.720534563064575,100,1108,,,,
4.8370466232299805,100,1109,,,,
5.3928937911987305,100,1110,,,,
,100,1110,8.133726119995117,0.17499999701976776,,
,100,1110,,,0.17471590638160706,
5.149949550628662,101,1111,,,,
6.175105094909668,101,1112,,,,
4.906713008880615,101,1113,,,,
6.18070125579834,101,1114,,,,
5.060296058654785,101,1115,,,,
6.093709468841553,101,1116,,,,
6.308852195739746,101,1117,,,,
4.914770603179932,101,1118,,,,
3.7234902381896973,101,1119,,,,
4.821303367614746,101,1120,,,,
5.318115234375,101,1121,,,,
,101,1121,8.087178230285645,0.17499999701976776,,
,101,1121,,,0.17045454680919647,
5.123608112335205,102,1122,,,,
6.198090553283691,102,1123,,,,
4.89829158782959,102,1124,,,,
6.155784606933594,102,1125,,,,
5.037866115570068,102,1126,,,,
6.105755805969238,102,1127,,,,
6.296108245849609,102,1128,,,,
4.882676124572754,102,1129,,,,
3.7132315635681152,102,1130,,,,
4.793260097503662,102,1131,,,,
5.310168743133545,102,1132,,,,
,102,1132,8.132179260253906,0.17499999701976776,,
,102,1132,,,0.16903409361839294,
5.1220703125,103,1133,,,,
6.197396278381348,103,1134,,,,
4.9029693603515625,103,1135,,,,
6.09484338760376,103,1136,,,,
5.043655872344971,103,1137,,,,
6.06448221206665,103,1138,,,,
6.273340225219727,103,1139,,,,
4.834593772888184,103,1140,,,,
3.7151801586151123,103,1141,,,,
4.794510841369629,103,1142,,,,
5.251280307769775,103,1143,,,,
,103,1143,8.099799156188965,0.17499999701976776,,
,103,1143,,,0.16761364042758942,
5.096056938171387,104,1144,,,,
6.155493259429932,104,1145,,,,
4.889579772949219,104,1146,,,,
6.105841636657715,104,1147,,,,
4.990975379943848,104,1148,,,,
6.056250095367432,104,1149,,,,
6.233119010925293,104,1150,,,,
4.845926761627197,104,1151,,,,
3.6879429817199707,104,1152,,,,
4.763786315917969,104,1153,,,,
5.326256275177002,104,1154,,,,
,104,1154,8.128959655761719,0.17499999701976776,,
,104,1154,,,0.16761364042758942,
5.0532121658325195,105,1155,,,,
6.145604133605957,105,1156,,,,
4.8438520431518555,105,1157,,,,
6.073596000671387,105,1158,,,,
5.0009894371032715,105,1159,,,,
6.007006645202637,105,1160,,,,
6.2401227951049805,105,1161,,,,
4.765418529510498,105,1162,,,,
3.655226230621338,105,1163,,,,
4.769741058349609,105,1164,,,,
5.260595798492432,105,1165,,,,
,105,1165,8.084665298461914,0.1875,,
,105,1165,,,0.16903409361839294,
5.012747764587402,106,1166,,,,
6.129337310791016,106,1167,,,,
4.8467183113098145,106,1168,,,,
6.037419319152832,106,1169,,,,
4.9825215339660645,106,1170,,,,
5.9879045486450195,106,1171,,,,
6.172396183013916,106,1172,,,,
4.7669806480407715,106,1173,,,,
3.646906614303589,106,1174,,,,
4.719819068908691,106,1175,,,,
5.237715244293213,106,1176,,,,
,106,1176,8.09041976928711,0.1875,,
,106,1176,,,0.16477273404598236,
4.990058898925781,107,1177,,,,
6.113776206970215,107,1178,,,,
4.814167022705078,107,1179,,,,
6.0487751960754395,107,1180,,,,
4.943188667297363,107,1181,,,,
5.974222660064697,107,1182,,,,
6.136548042297363,107,1183,,,,
4.7465620040893555,107,1184,,,,
3.614748001098633,107,1185,,,,
4.737789630889893,107,1186,,,,
5.2190046310424805,107,1187,,,,
,107,1187,8.05246639251709,0.17499999701976776,,
,107,1187,,,0.16761364042758942,
4.976551532745361,108,1188,,,,
6.1137824058532715,108,1189,,,,
4.813833236694336,108,1190,,,,
5.99041748046875,108,1191,,,,
4.937933444976807,108,1192,,,,
5.926211357116699,108,1193,,,,
6.139878273010254,108,1194,,,,
4.711389064788818,108,1195,,,,
3.5954296588897705,108,1196,,,,
4.730912208557129,108,1197,,,,
5.175900936126709,108,1198,,,,
,108,1198,8.052505493164062,0.1875,,
,108,1198,,,0.1661931872367859,
4.931413650512695,109,1199,,,,
6.095091342926025,109,1200,,,,
4.770582675933838,109,1201,,,,
5.957594871520996,109,1202,,,,
4.932642936706543,109,1203,,,,
5.950804710388184,109,1204,,,,
6.095156669616699,109,1205,,,,
4.678344249725342,109,1206,,,,
3.5842831134796143,109,1207,,,,
4.720767974853516,109,1208,,,,
5.237974166870117,109,1209,,,,
,109,1209,8.11275577545166,0.17499999701976776,,
,109,1209,,,0.1661931872367859,
4.86929178237915,110,1210,,,,
6.0586042404174805,110,1211,,,,
4.787327766418457,110,1212,,,,
5.983300685882568,110,1213,,,,
4.882394790649414,110,1214,,,,
5.886824607849121,110,1215,,,,
6.0902862548828125,110,1216,,,,
4.640717506408691,110,1217,,,,
3.5835094451904297,110,1218,,,,
4.691476345062256,110,1219,,,,
5.1624345779418945,110,1220,,,,
,110,1220,8.042725563049316,0.1875,,
,110,1220,,,0.16335226595401764,
4.881406307220459,111,1221,,,,
6.035189151763916,111,1222,,,,
4.7903618812561035,111,1223,,,,
5.9090070724487305,111,1224,,,,
4.89323616027832,111,1225,,,,
5.915841579437256,111,1226,,,,
6.064020156860352,111,1227,,,,
4.658426284790039,111,1228,,,,
3.544116258621216,111,1229,,,,
4.681962966918945,111,1230,,,,
5.145636081695557,111,1231,,,,
,111,1231,8.08751106262207,0.1875,,
,111,1231,,,0.16335226595401764,
4.845802307128906,112,1232,,,,
6.029202461242676,112,1233,,,,
4.81595516204834,112,1234,,,,
5.852049350738525,112,1235,,,,
4.897408962249756,112,1236,,,,
5.8784050941467285,112,1237,,,,
6.056537628173828,112,1238,,,,
4.60145378112793,112,1239,,,,
3.543722629547119,112,1240,,,,
4.64703369140625,112,1241,,,,
5.118629455566406,112,1242,,,,
,112,1242,8.071449279785156,0.20000000298023224,,
,112,1242,,,0.16335226595401764,
4.782683372497559,113,1243,,,,
5.974239826202393,113,1244,,,,
4.759356498718262,113,1245,,,,
5.893041133880615,113,1246,,,,
4.8214616775512695,113,1247,,,,
5.901363849639893,113,1248,,,,
6.035680294036865,113,1249,,,,
4.575631141662598,113,1250,,,,
3.5401275157928467,113,1251,,,,
4.592166423797607,113,1252,,,,
5.17938756942749,113,1253,,,,
,113,1253,8.077024459838867,0.1875,,
,113,1253,,,0.1661931872367859,
4.760813236236572,114,1254,,,,
5.954327583312988,114,1255,,,,
4.791917324066162,114,1256,,,,
5.873582363128662,114,1257,,,,
4.790048599243164,114,1258,,,,
5.811959266662598,114,1259,,,,
6.052364826202393,114,1260,,,,
4.549131393432617,114,1261,,,,
3.5053775310516357,114,1262,,,,
4.592055320739746,114,1263,,,,
5.125270843505859,114,1264,,,,
,114,1264,7.9782891273498535,0.20000000298023224,,
,114,1264,,,0.1619318127632141,
4.762792587280273,115,1265,,,,
5.9254150390625,115,1266,,,,
4.727103233337402,115,1267,,,,
5.780692100524902,115,1268,,,,
4.76885986328125,115,1269,,,,
5.898770332336426,115,1270,,,,
6.039584159851074,115,1271,,,,
4.55509614944458,115,1272,,,,
3.4762492179870605,115,1273,,,,
4.540365695953369,115,1274,,,,
5.10896635055542,115,1275,,,,
,115,1275,8.035921096801758,0.20000000298023224,,
,115,1275,,,0.16335226595401764,
4.7214531898498535,116,1276,,,,
5.90701961517334,116,1277,,,,
4.7361345291137695,116,1278,,,,
5.763387203216553,116,1279,,,,
4.7841057777404785,116,1280,,,,
5.797955513000488,116,1281,,,,
6.033191204071045,116,1282,,,,
4.460102558135986,116,1283,,,,
3.4974846839904785,116,1284,,,,
4.5429368019104,116,1285,,,,
5.087404251098633,116,1286,,,,
,116,1286,8.025344848632812,0.20000000298023224,,
,116,1286,,,0.15909090638160706,
4.7171807289123535,117,1287,,,,
5.860416412353516,117,1288,,,,
4.704046726226807,117,1289,,,,
5.73928689956665,117,1290,,,,
4.70630407333374,117,1291,,,,
5.849506855010986,117,1292,,,,
6.024970054626465,117,1293,,,,
4.5021491050720215,117,1294,,,,
3.447322130203247,117,1295,,,,
4.4967451095581055,117,1296,,,,
5.077546119689941,117,1297,,,,
,117,1297,8.043191909790039,0.20000000298023224,,
,117,1297,,,0.15909090638160706,
4.637207984924316,118,1298,,,,
5.823469161987305,118,1299,,,,
4.71124792098999,118,1300,,,,
5.723933219909668,118,1301,,,,
4.716920852661133,118,1302,,,,
5.755078315734863,118,1303,,,,
5.983481407165527,118,1304,,,,
4.42102575302124,118,1305,,,,
3.4305567741394043,118,1306,,,,
4.501672744750977,118,1307,,,,
5.077991008758545,118,1308,,,,
,118,1308,7.988346099853516,0.21250000596046448,,
,118,1308,,,0.15909090638160706,
4.651731014251709,119,1309,,,,
5.768546104431152,119,1310,,,,
4.664690971374512,119,1311,,,,
5.676663875579834,119,1312,,,,
4.6717352867126465,119,1313,,,,
5.803447246551514,119,1314,,,,
5.9840898513793945,119,1315,,,,
4.421256065368652,119,1316,,,,
3.4059996604919434,119,1317,,,,
4.3985700607299805,119,1318,,,,
5.038416385650635,119,1319,,,,
,119,1319,8.00051498413086,0.1875,,
,119,1319,,,0.15909090638160706,
4.631661891937256,120,1320,,,,
5.768898963928223,120,1321,,,,
4.6244215965271,120,1322,,,,
5.601510047912598,120,1323,,,,
4.6292805671691895,120,1324,,,,
5.7930731773376465,120,1325,,,,
6.0127739906311035,120,1326,,,,
4.416147232055664,120,1327,,,,
3.3898673057556152,120,1328,,,,
4.37650203704834,120,1329,,,,
4.996888160705566,120,1330,,,,
,120,1330,7.945555686950684,0.20000000298023224,,
,120,1330,,,0.15909090638160706,
4.6191301345825195,121,1331,,,,
5.750473976135254,121,1332,,,,
4.600733757019043,121,1333,,,,
5.611311912536621,121,1334,,,,
4.602181911468506,121,1335,,,,
5.776919364929199,121,1336,,,,
5.998500823974609,121,1337,,,,
4.342557430267334,121,1338,,,,
3.4120707511901855,121,1339,,,,
4.334639549255371,121,1340,,,,
5.044592380523682,121,1341,,,,
,121,1341,7.950314998626709,0.1875,,
,121,1341,,,0.16051135957241058,
4.587469577789307,122,1342,,,,
5.708160400390625,122,1343,,,,
4.543481826782227,122,1344,,,,
5.557336807250977,122,1345,,,,
4.609290599822998,122,1346,,,,
5.772130012512207,122,1347,,,,
5.990248680114746,122,1348,,,,
4.366011142730713,122,1349,,,,
3.3506417274475098,122,1350,,,,
4.3118743896484375,122,1351,,,,
5.0201735496521,122,1352,,,,
,122,1352,7.966943264007568,0.20000000298023224,,
,122,1352,,,0.15482954680919647,
4.55260705947876,123,1353,,,,
5.645930290222168,123,1354,,,,
4.538644313812256,123,1355,,,,
5.524886131286621,123,1356,,,,
4.5693864822387695,123,1357,,,,
5.719668388366699,123,1358,,,,
5.925698280334473,123,1359,,,,
4.296725273132324,123,1360,,,,
3.349893569946289,123,1361,,,,
4.299246311187744,123,1362,,,,
4.977557182312012,123,1363,,,,
,123,1363,7.936550140380859,0.20000000298023224,,
,123,1363,,,0.15909090638160706,
4.514520168304443,124,1364,,,,
5.675102710723877,124,1365,,,,
4.526296615600586,124,1366,,,,
5.497305870056152,124,1367,,,,
4.554158687591553,124,1368,,,,
5.716587543487549,124,1369,,,,
5.934772968292236,124,1370,,,,
4.309830665588379,124,1371,,,,
3.3137497901916504,124,1372,,,,
4.262162208557129,124,1373,,,,
4.975569725036621,124,1374,,,,
,124,1374,7.932884216308594,0.20000000298023224,,
,124,1374,,,0.15198864042758942,
4.504744052886963,125,1375,,,,
5.631291389465332,125,1376,,,,
4.485424995422363,125,1377,,,,
5.478487014770508,125,1378,,,,
4.549844264984131,125,1379,,,,
5.711377143859863,125,1380,,,,
5.920438289642334,125,1381,,,,
4.263627052307129,125,1382,,,,
3.343229293823242,125,1383,,,,
4.23494291305542,125,1384,,,,
4.960396766662598,125,1385,,,,
,125,1385,7.949126243591309,0.1875,,
,125,1385,,,0.1505681872367859,
4.4882402420043945,126,1386,,,,
5.596095085144043,126,1387,,,,
4.514187812805176,126,1388,,,,
5.4761152267456055,126,1389,,,,
4.519370079040527,126,1390,,,,
5.642704010009766,126,1391,,,,
5.917043685913086,126,1392,,,,
4.255020618438721,126,1393,,,,
3.3033759593963623,126,1394,,,,
4.2266645431518555,126,1395,,,,
4.970746040344238,126,1396,,,,
,126,1396,7.948585510253906,0.20000000298023224,,
,126,1396,,,0.15340909361839294,
4.4537353515625,127,1397,,,,
5.576212406158447,127,1398,,,,
4.480205059051514,127,1399,,,,
5.424318790435791,127,1400,,,,
4.494564533233643,127,1401,,,,
5.639255046844482,127,1402,,,,
5.871773719787598,127,1403,,,,
4.238973140716553,127,1404,,,,
3.2886135578155518,127,1405,,,,
4.19279146194458,127,1406,,,,
4.930665016174316,127,1407,,,,
,127,1407,7.9572906494140625,0.20000000298023224,,
,127,1407,,,0.15198864042758942,
4.435418128967285,128,1408,,,,
5.576112270355225,128,1409,,,,
4.4554362297058105,128,1410,,,,
5.414433002471924,128,1411,,,,
4.4911088943481445,128,1412,,,,
5.613104820251465,128,1413,,,,
5.848807334899902,128,1414,,,,
4.216052055358887,128,1415,,,,
3.284968137741089,128,1416,,,,
4.162161350250244,128,1417,,,,
4.913736820220947,128,1418,,,,
,128,1418,7.933540344238281,0.1875,,
,128,1418,,,0.14772726595401764,
4.438107490539551,129,1419,,,,
5.50263786315918,129,1420,,,,
4.398585796356201,129,1421,,,,
5.439185619354248,129,1422,,,,
4.459290981292725,129,1423,,,,
5.586006164550781,129,1424,,,,
5.854055881500244,129,1425,,,,
4.177510738372803,129,1426,,,,
3.2506136894226074,129,1427,,,,
4.142392158508301,129,1428,,,,
4.875959396362305,129,1429,,,,
,129,1429,7.9417829513549805,0.1875,,
,129,1429,,,0.1505681872367859,
4.403672218322754,130,1430,,,,
5.527647972106934,130,1431,,,,
4.373621940612793,130,1432,,,,
5.328044891357422,130,1433,,,,
4.429506301879883,130,1434,,,,
5.597655773162842,130,1435,,,,
5.849834442138672,130,1436,,,,
4.161410808563232,130,1437,,,,
3.278520107269287,130,1438,,,,
4.126701831817627,130,1439,,,,
4.871795177459717,130,1440,,,,
,130,1440,7.938145637512207,0.1875,,
,130,1440,,,0.14488635957241058,
4.42540168762207,131,1441,,,,
5.514036178588867,131,1442,,,,
4.423761367797852,131,1443,,,,
5.332732200622559,131,1444,,,,
4.423632621765137,131,1445,,,,
5.577868461608887,131,1446,,,,
5.848092079162598,131,1447,,,,
4.104656219482422,131,1448,,,,
3.2710464000701904,131,1449,,,,
4.121339321136475,131,1450,,,,
4.851991653442383,131,1451,,,,
,131,1451,7.909611701965332,0.1875,,
,131,1451,,,0.14346590638160706,
4.393826961517334,132,1452,,,,
5.507532596588135,132,1453,,,,
4.361717224121094,132,1454,,,,
5.351121425628662,132,1455,,,,
4.4015583992004395,132,1456,,,,
5.576661109924316,132,1457,,,,
5.825839519500732,132,1458,,,,
4.148822784423828,132,1459,,,,
3.2184860706329346,132,1460,,,,
4.089685916900635,132,1461,,,,
4.863771438598633,132,1462,,,,
,132,1462,7.96215295791626,0.1875,,
,132,1462,,,0.1463068127632141,
4.347611904144287,133,1463,,,,
5.472046852111816,133,1464,,,,
4.325438499450684,133,1465,,,,
5.290066719055176,133,1466,,,,
4.372654914855957,133,1467,,,,
5.542158126831055,133,1468,,,,
5.830622673034668,133,1469,,,,
4.079982757568359,133,1470,,,,
3.239663600921631,133,1471,,,,
4.0630316734313965,133,1472,,,,
4.812697887420654,133,1473,,,,
,133,1473,7.9457573890686035,0.1875,,
,133,1473,,,0.14346590638160706,
4.334658622741699,134,1474,,,,
5.435259819030762,134,1475,,,,
4.285443305969238,134,1476,,,,
5.27593469619751,134,1477,,,,
4.362213611602783,134,1478,,,,
5.533807754516602,134,1479,,,,
5.8184099197387695,134,1480,,,,
4.001415252685547,134,1481,,,,
3.212589740753174,134,1482,,,,
4.050745964050293,134,1483,,,,
4.848770618438721,134,1484,,,,
,134,1484,7.926560401916504,0.1875,,
,134,1484,,,0.14204545319080353,
4.295623779296875,135,1485,,,,
5.426810264587402,135,1486,,,,
4.332794189453125,135,1487,,,,
5.2664971351623535,135,1488,,,,
4.309669494628906,135,1489,,,,
5.511134147644043,135,1490,,,,
5.8053789138793945,135,1491,,,,
4.011929512023926,135,1492,,,,
3.209695339202881,135,1493,,,,
4.035867214202881,135,1494,,,,
4.794594764709473,135,1495,,,,
,135,1495,7.868382453918457,0.1875,,
,135,1495,,,0.14204545319080353,
4.323419570922852,136,1496,,,,
5.434460639953613,136,1497,,,,
4.249086856842041,136,1498,,,,
5.256926536560059,136,1499,,,,
4.309406757354736,136,1500,,,,
5.512520790100098,136,1501,,,,
5.789589881896973,136,1502,,,,
4.036313533782959,136,1503,,,,
3.1532630920410156,136,1504,,,,
4.032187461853027,136,1505,,,,
4.814396381378174,136,1506,,,,
,136,1506,7.878930568695068,0.1875,,
,136,1506,,,0.140625,
4.266107082366943,137,1507,,,,
5.413575172424316,137,1508,,,,
4.237405776977539,137,1509,,,,
5.1912055015563965,137,1510,,,,
4.332327842712402,137,1511,,,,
5.490961074829102,137,1512,,,,
5.815814018249512,137,1513,,,,
4.005621910095215,137,1514,,,,
3.2111382484436035,137,1515,,,,
3.991079807281494,137,1516,,,,
4.7353363037109375,137,1517,,,,
,137,1517,7.908669948577881,0.1875,,
,137,1517,,,0.14346590638160706,
4.271906852722168,138,1518,,,,
5.3880720138549805,138,1519,,,,
4.330722332000732,138,1520,,,,
5.199625492095947,138,1521,,,,
4.255021095275879,138,1522,,,,
5.482496738433838,138,1523,,,,
5.798901081085205,138,1524,,,,
3.940742015838623,138,1525,,,,
3.2160232067108154,138,1526,,,,
3.9928321838378906,138,1527,,,,
4.831552982330322,138,1528,,,,
,138,1528,7.875685214996338,0.1875,,
,138,1528,,,0.14346590638160706,
4.228063583374023,139,1529,,,,
5.3851542472839355,139,1530,,,,
4.237594127655029,139,1531,,,,
5.168135643005371,139,1532,,,,
4.26826286315918,139,1533,,,,
5.427356719970703,139,1534,,,,
5.787952423095703,139,1535,,,,
3.9581942558288574,139,1536,,,,
3.1695637702941895,139,1537,,,,
3.9784393310546875,139,1538,,,,
4.752163887023926,139,1539,,,,
,139,1539,7.846261501312256,0.1875,,
,139,1539,,,0.13778409361839294,
4.228680610656738,140,1540,,,,
5.334332466125488,140,1541,,,,
4.236629486083984,140,1542,,,,
5.1198530197143555,140,1543,,,,
4.256793975830078,140,1544,,,,
5.419919013977051,140,1545,,,,
5.761786937713623,140,1546,,,,
3.9237473011016846,140,1547,,,,
3.176081895828247,140,1548,,,,
3.9518585205078125,140,1549,,,,
4.763248443603516,140,1550,,,,
,140,1550,7.843502998352051,0.1875,,
,140,1550,,,0.14488635957241058,
4.194968223571777,141,1551,,,,
5.346331596374512,141,1552,,,,
4.187067985534668,141,1553,,,,
5.127987861633301,141,1554,,,,
4.212532997131348,141,1555,,,,
5.463043212890625,141,1556,,,,
5.749442100524902,141,1557,,,,
3.9225521087646484,141,1558,,,,
3.1476566791534424,141,1559,,,,
3.955239772796631,141,1560,,,,
4.795204162597656,141,1561,,,,
,141,1561,7.825680732727051,0.1875,,
,141,1561,,,0.13920454680919647,
4.168644905090332,142,1562,,,,
5.366593360900879,142,1563,,,,
4.165606498718262,142,1564,,,,
5.091339111328125,142,1565,,,,
4.222017288208008,142,1566,,,,
5.42372465133667,142,1567,,,,
5.777181148529053,142,1568,,,,
3.9158222675323486,142,1569,,,,
3.1366541385650635,142,1570,,,,
3.948458433151245,142,1571,,,,
4.674602031707764,142,1572,,,,
,142,1572,7.783082485198975,0.1875,,
,142,1572,,,0.13920454680919647,
4.1875104904174805,143,1573,,,,
5.335520267486572,143,1574,,,,
4.217982292175293,143,1575,,,,
5.06090784072876,143,1576,,,,
4.176175594329834,143,1577,,,,
5.422531604766846,143,1578,,,,
5.721310615539551,143,1579,,,,
3.8832545280456543,143,1580,,,,
3.1491198539733887,143,1581,,,,
3.9209227561950684,143,1582,,,,
4.771305084228516,143,1583,,,,
,143,1583,7.770913124084473,0.1875,,
,143,1583,,,0.140625,
4.1396260261535645,144,1584,,,,
5.353982925415039,144,1585,,,,
4.109461784362793,144,1586,,,,
5.043588638305664,144,1587,,,,
4.150656700134277,144,1588,,,,
5.388224124908447,144,1589,,,,
5.741565704345703,144,1590,,,,
3.8927464485168457,144,1591,,,,
3.1232826709747314,144,1592,,,,
3.914334774017334,144,1593,,,,
4.721100807189941,144,1594,,,,
,144,1594,7.806996822357178,0.1875,,
,144,1594,,,0.140625,
4.14209508895874,145,1595,,,,
5.287978172302246,145,1596,,,,
4.110662460327148,145,1597,,,,
4.996601104736328,145,1598,,,,
4.167037010192871,145,1599,,,,
5.36338996887207,145,1600,,,,
5.745600700378418,145,1601,,,,
3.8262405395507812,145,1602,,,,
3.1335864067077637,145,1603,,,,
3.918443202972412,145,1604,,,,
4.659665107727051,145,1605,,,,
,145,1605,7.765841007232666,0.1875,,
,145,1605,,,0.13778409361839294,
4.1203203201293945,146,1606,,,,
5.259274482727051,146,1607,,,,
4.133660793304443,146,1608,,,,
5.006561279296875,146,1609,,,,
4.131249904632568,146,1610,,,,
5.360193729400635,146,1611,,,,
5.723174095153809,146,1612,,,,
3.8261210918426514,146,1613,,,,
3.110053777694702,146,1614,,,,
3.8762130737304688,146,1615,,,,
4.712203502655029,146,1616,,,,
,146,1616,7.777291774749756,0.1875,,
,146,1616,,,0.13920454680919647,
4.098923206329346,147,1617,,,,
5.288248538970947,147,1618,,,,
4.052506446838379,147,1619,,,,
4.948678493499756,147,1620,,,,
4.098926544189453,147,1621,,,,
5.366510391235352,147,1622,,,,
5.692276477813721,147,1623,,,,
3.80828857421875,147,1624,,,,
3.103074312210083,147,1625,,,,
3.8999176025390625,147,1626,,,,
4.692431449890137,147,1627,,,,
,147,1627,7.766055107116699,0.1875,,
,147,1627,,,0.13778409361839294,
4.082412242889404,148,1628,,,,
5.26201868057251,148,1629,,,,
4.078131198883057,148,1630,,,,
4.93819522857666,148,1631,,,,
4.141556739807129,148,1632,,,,
5.33319616317749,148,1633,,,,
5.73874044418335,148,1634,,,,
3.7861266136169434,148,1635,,,,
3.1242988109588623,148,1636,,,,
3.8736186027526855,148,1637,,,,
4.649220943450928,148,1638,,,,
,148,1638,7.763834476470947,0.1875,,
,148,1638,,,0.13778409361839294,
4.066979885101318,149,1639,,,,
5.248896598815918,149,1640,,,,
4.09537410736084,149,1641,,,,
4.909569263458252,149,1642,,,,
4.0472002029418945,149,1643,,,,
5.3444037437438965,149,1644,,,,
5.673134803771973,149,1645,,,,
3.7671642303466797,149,1646,,,,
3.105924129486084,149,1647,,,,
3.847552537918091,149,1648,,,,
4.717247009277344,149,1649,,,,
,149,1649,7.795083522796631,0.1875,,
,149,1649,,,0.13778409361839294,
4.0246076583862305,150,1650,,,,
5.287208557128906,150,1651,,,,
4.030740737915039,150,1652,,,,
4.918997764587402,150,1653,,,,
4.0608015060424805,150,1654,,,,
5.27714204788208,150,1655,,,,
5.667245388031006,150,1656,,,,
3.7527034282684326,150,1657,,,,
3.0983779430389404,150,1658,,,,
3.8582587242126465,150,1659,,,,
4.64085054397583,150,1660,,,,
,150,1660,7.738922119140625,0.1875,,
,150,1660,,,0.13636364042758942,
4.054596900939941,151,1661,,,,
5.230154514312744,151,1662,,,,
4.003312110900879,151,1663,,,,
4.8247880935668945,151,1664,,,,
4.054476737976074,151,1665,,,,
5.356785297393799,151,1666,,,,
5.681382656097412,151,1667,,,,
3.7312965393066406,151,1668,,,,
3.068058967590332,151,1669,,,,
3.808840274810791,151,1670,,,,
4.6760077476501465,151,1671,,,,
,151,1671,7.7822113037109375,0.1875,,
,151,1671,,,0.1349431872367859,
3.9837005138397217,152,1672,,,,
5.160958290100098,152,1673,,,,
3.989793062210083,152,1674,,,,
4.813755989074707,152,1675,,,,
4.023772239685059,152,1676,,,,
5.335387229919434,152,1677,,,,
5.651253700256348,152,1678,,,,
3.669860363006592,152,1679,,,,
3.082993745803833,152,1680,,,,
3.845081329345703,152,1681,,,,
4.622526168823242,152,1682,,,,
,152,1682,7.7423577308654785,0.1875,,
,152,1682,,,0.1306818127632141,
4.00403356552124,153,1683,,,,
5.228873252868652,153,1684,,,,
3.995189666748047,153,1685,,,,
4.810739517211914,153,1686,,,,
4.029153347015381,153,1687,,,,
5.2283525466918945,153,1688,,,,
5.6437811851501465,153,1689,,,,
3.703338146209717,153,1690,,,,
3.0751500129699707,153,1691,,,,
3.8048717975616455,153,1692,,,,
4.6653151512146,153,1693,,,,
,153,1693,7.733510494232178,0.1875,,
,153,1693,,,0.13210226595401764,
3.9969608783721924,154,1694,,,,
5.173871040344238,154,1695,,,,
3.9325098991394043,154,1696,,,,
4.785484790802002,154,1697,,,,
3.9741249084472656,154,1698,,,,
5.296826362609863,154,1699,,,,
5.612316608428955,154,1700,,,,
3.6833183765411377,154,1701,,,,
3.0599067211151123,154,1702,,,,
3.7790420055389404,154,1703,,,,
4.6411824226379395,154,1704,,,,
,154,1704,7.747267246246338,0.1875,,
,154,1704,,,0.13210226595401764,
3.940072536468506,155,1705,,,,
5.212567329406738,155,1706,,,,
3.9603466987609863,155,1707,,,,
4.774045467376709,155,1708,,,,
3.940643310546875,155,1709,,,,
5.264922142028809,155,1710,,,,
5.621670722961426,155,1711,,,,
3.6499202251434326,155,1712,,,,
3.0572123527526855,155,1713,,,,
3.7990055084228516,155,1714,,,,
4.580601692199707,155,1715,,,,
,155,1715,7.734902858734131,0.1875,,
,155,1715,,,0.13352273404598236,
3.9635417461395264,156,1716,,,,
5.223333358764648,156,1717,,,,
3.9095394611358643,156,1718,,,,
4.72136926651001,156,1719,,,,
3.964679718017578,156,1720,,,,
5.243985652923584,156,1721,,,,
5.617938995361328,156,1722,,,,
3.6132442951202393,156,1723,,,,
3.108672618865967,156,1724,,,,
3.7757554054260254,156,1725,,,,
4.666234970092773,156,1726,,,,
,156,1726,7.796004295349121,0.1875,,
,156,1726,,,0.13352273404598236,
3.9312922954559326,157,1727,,,,
5.101842880249023,157,1728,,,,
3.917306423187256,157,1729,,,,
4.751142978668213,157,1730,,,,
3.918518543243408,157,1731,,,,
5.211075782775879,157,1732,,,,
5.607335567474365,157,1733,,,,
3.561814546585083,157,1734,,,,
3.049635410308838,157,1735,,,,
3.7755026817321777,157,1736,,,,
4.60896110534668,157,1737,,,,
,157,1737,7.810851097106934,0.1875,,
,157,1737,,,0.1306818127632141,
3.9120707511901855,158,1738,,,,
5.124477386474609,158,1739,,,,
3.9026107788085938,158,1740,,,,
4.704327583312988,158,1741,,,,
3.9110190868377686,158,1742,,,,
5.159519672393799,158,1743,,,,
5.564939975738525,158,1744,,,,
3.582916736602783,158,1745,,,,
3.0325050354003906,158,1746,,,,
3.738039493560791,158,1747,,,,
4.594378471374512,158,1748,,,,
,158,1748,7.7671685218811035,0.1875,,
,158,1748,,,0.1306818127632141,
3.8968570232391357,159,1749,,,,
5.114836692810059,159,1750,,,,
3.835094928741455,159,1751,,,,
4.702207565307617,159,1752,,,,
3.8974928855895996,159,1753,,,,
5.188370704650879,159,1754,,,,
5.577921390533447,159,1755,,,,
3.5819485187530518,159,1756,,,,
3.0245890617370605,159,1757,,,,
3.7355446815490723,159,1758,,,,
4.614052772521973,159,1759,,,,
,159,1759,7.7877326011657715,0.1875,,
,159,1759,,,0.125,
3.8858916759490967,160,1760,,,,
5.076476097106934,160,1761,,,,
3.87663197517395,160,1762,,,,
4.6783623695373535,160,1763,,,,
3.8700363636016846,160,1764,,,,
5.186397552490234,160,1765,,,,
5.547718524932861,160,1766,,,,
3.5242362022399902,160,1767,,,,
3.0186026096343994,160,1768,,,,
3.751678466796875,160,1769,,,,
4.561968803405762,160,1770,,,,
,160,1770,7.777187347412109,0.1875,,
,160,1770,,,0.1306818127632141,
3.8646843433380127,161,1771,,,,
5.111838340759277,161,1772,,,,
3.8223679065704346,161,1773,,,,
4.677496433258057,161,1774,,,,
3.8591480255126953,161,1775,,,,
5.147134780883789,161,1776,,,,
5.539754867553711,161,1777,,,,
3.564380168914795,161,1778,,,,
2.991107225418091,161,1779,,,,
3.726151943206787,161,1780,,,,
4.603938102722168,161,1781,,,,
,161,1781,7.764174461364746,0.1875,,
,161,1781,,,0.12784090638160706,
3.8581180572509766,162,1782,,,,
5.051768779754639,162,1783,,,,
3.818218946456909,162,1784,,,,
4.69904088973999,162,1785,,,,
3.846297025680542,162,1786,,,,
5.115023136138916,162,1787,,,,
5.5707197189331055,162,1788,,,,
3.50095796585083,162,1789,,,,
3.0727670192718506,162,1790,,,,
3.6651153564453125,162,1791,,,,
4.538508415222168,162,1792,,,,
,162,1792,7.7720537185668945,0.17499999701976776,,
,162,1792,,,0.12926135957241058,
3.8865082263946533,163,1793,,,,
5.073968410491943,163,1794,,,,
3.871896743774414,163,1795,,,,
4.646763324737549,163,1796,,,,
3.739750623703003,163,1797,,,,
5.132708549499512,163,1798,,,,
5.572328567504883,163,1799,,,,
3.5246951580047607,163,1800,,,,
3.030017137527466,163,1801,,,,
3.631315231323242,163,1802,,,,
4.538123607635498,163,1803,,,,
,163,1803,7.779186248779297,0.1875,,
,163,1803,,,0.13352273404598236,
3.8708910942077637,164,1804,,,,
5.115418434143066,164,1805,,,,
3.821613311767578,164,1806,,,,
4.611734867095947,164,1807,,,,
3.8000824451446533,164,1808,,,,
5.116870403289795,164,1809,,,,
5.5577802658081055,164,1810,,,,
3.4946963787078857,164,1811,,,,
3.0045108795166016,164,1812,,,,
3.6642253398895264,164,1813,,,,
4.520267486572266,164,1814,,,,
,164,1814,7.782372951507568,0.1875,,
,164,1814,,,0.13210226595401764,
3.8549816608428955,165,1815,,,,
5.048200607299805,165,1816,,,,
3.8503665924072266,165,1817,,,,
4.6310319900512695,165,1818,,,,
3.789923906326294,165,1819,,,,
5.074295997619629,165,1820,,,,
5.5610785484313965,165,1821,,,,
3.457581043243408,165,1822,,,,
3.0541493892669678,165,1823,,,,
3.627331256866455,165,1824,,,,
4.520611763000488,165,1825,,,,
,165,1825,7.844542503356934,0.17499999701976776,,
,165,1825,,,0.13352273404598236,
3.8484108448028564,166,1826,,,,
5.051023006439209,166,1827,,,,
3.8275692462921143,166,1828,,,,
4.584623336791992,166,1829,,,,
3.755451202392578,166,1830,,,,
5.0295915603637695,166,1831,,,,
5.5578813552856445,166,1832,,,,
3.4743237495422363,166,1833,,,,
3.0102221965789795,166,1834,,,,
3.6504902839660645,166,1835,,,,
4.519551753997803,166,1836,,,,
,166,1836,7.886200904846191,0.17499999701976776,,
,166,1836,,,0.13210226595401764,
3.807823896408081,167,1837,,,,
4.971391677856445,167,1838,,,,
3.8502838611602783,167,1839,,,,
4.5704851150512695,167,1840,,,,
3.7531189918518066,167,1841,,,,
4.996523857116699,167,1842,,,,
5.4788408279418945,167,1843,,,,
3.392244815826416,167,1844,,,,
3.0143446922302246,167,1845,,,,
3.61629056930542,167,1846,,,,
4.479403018951416,167,1847,,,,
,167,1847,7.868565559387207,0.17499999701976776,,
,167,1847,,,0.1306818127632141,
3.788100004196167,168,1848,,,,
4.985247611999512,168,1849,,,,
3.7659945487976074,168,1850,,,,
4.57271671295166,168,1851,,,,
3.7182204723358154,168,1852,,,,
5.007843494415283,168,1853,,,,
5.5000457763671875,168,1854,,,,
3.3893051147460938,168,1855,,,,
2.966066360473633,168,1856,,,,
3.6043968200683594,168,1857,,,,
4.536391258239746,168,1858,,,,
,168,1858,7.945493221282959,0.17499999701976776,,
,168,1858,,,0.12642045319080353,
3.7707672119140625,169,1859,,,,
4.891547679901123,169,1860,,,,
3.7752578258514404,169,1861,,,,
4.517570495605469,169,1862,,,,
3.717489242553711,169,1863,,,,
4.978573799133301,169,1864,,,,
5.489130020141602,169,1865,,,,
3.2813830375671387,169,1866,,,,
3.0216336250305176,169,1867,,,,
3.6138808727264404,169,1868,,,,
4.484755992889404,169,1869,,,,
,169,1869,7.880850791931152,0.17499999701976776,,
,169,1869,,,0.12357954680919647,
3.7823588848114014,170,1870,,,,
4.940210342407227,170,1871,,,,
3.7399253845214844,170,1872,,,,
4.5301833152771,170,1873,,,,
3.6960361003875732,170,1874,,,,
4.9980974197387695,170,1875,,,,
5.509952545166016,170,1876,,,,
3.3122687339782715,170,1877,,,,
2.9687132835388184,170,1878,,,,
3.556335926055908,170,1879,,,,
4.478638648986816,170,1880,,,,
,170,1880,7.904824256896973,0.17499999701976776,,
,170,1880,,,0.12926135957241058,
3.7605834007263184,171,1881,,,,
4.896513938903809,171,1882,,,,
3.7369532585144043,171,1883,,,,
4.465953826904297,171,1884,,,,
3.7253715991973877,171,1885,,,,
4.973447322845459,171,1886,,,,
5.455843448638916,171,1887,,,,
3.3526852130889893,171,1888,,,,
2.9585461616516113,171,1889,,,,
3.597592830657959,171,1890,,,,
4.386066913604736,171,1891,,,,
,171,1891,7.844496250152588,0.17499999701976776,,
,171,1891,,,0.1306818127632141,
3.7383925914764404,172,1892,,,,
4.950225830078125,172,1893,,,,
3.731106996536255,172,1894,,,,
4.430403709411621,172,1895,,,,
3.6540584564208984,172,1896,,,,
5.048005104064941,172,1897,,,,
5.430598258972168,172,1898,,,,
3.3168129920959473,172,1899,,,,
2.9776015281677246,172,1900,,,,
3.548518419265747,172,1901,,,,
4.43372917175293,172,1902,,,,
,172,1902,7.903624057769775,0.17499999701976776,,
,172,1902,,,0.12784090638160706,
3.7710964679718018,173,1903,,,,
4.936421871185303,173,1904,,,,
3.7558517456054688,173,1905,,,,
4.456248760223389,173,1906,,,,
3.6756813526153564,173,1907,,,,
4.96281623840332,173,1908,,,,
5.506293296813965,173,1909,,,,
3.3074264526367188,173,1910,,,,
3.0158684253692627,173,1911,,,,
3.5792202949523926,173,1912,,,,
4.435881614685059,173,1913,,,,
,173,1913,7.883052825927734,0.17499999701976776,,
,173,1913,,,0.12357954680919647,
3.726229190826416,174,1914,,,,
4.954855918884277,174,1915,,,,
3.7978382110595703,174,1916,,,,
4.450643062591553,174,1917,,,,
3.6610538959503174,174,1918,,,,
4.939337730407715,174,1919,,,,
5.456600666046143,174,1920,,,,
3.314760684967041,174,1921,,,,
2.9729034900665283,174,1922,,,,
3.5253257751464844,174,1923,,,,
4.449891567230225,174,1924,,,,
,174,1924,7.947786808013916,0.17499999701976776,,
,174,1924,,,0.125,
3.7223994731903076,175,1925,,,,
4.907429218292236,175,1926,,,,
3.762863874435425,175,1927,,,,
4.376679420471191,175,1928,,,,
3.672356128692627,175,1929,,,,
4.879775524139404,175,1930,,,,
5.445575714111328,175,1931,,,,
3.2707042694091797,175,1932,,,,
2.9997174739837646,175,1933,,,,
3.4782652854919434,175,1934,,,,
4.40310001373291,175,1935,,,,
,175,1935,7.926632881164551,0.16249999403953552,,
,175,1935,,,0.125,
3.7020561695098877,176,1936,,,,
4.813887596130371,176,1937,,,,
3.7390289306640625,176,1938,,,,
4.372312545776367,176,1939,,,,
3.6037864685058594,176,1940,,,,
4.945011615753174,176,1941,,,,
5.406771659851074,176,1942,,,,
3.2293827533721924,176,1943,,,,
2.9149205684661865,176,1944,,,,
3.4973175525665283,176,1945,,,,
4.475644111633301,176,1946,,,,
,176,1946,8.00806713104248,0.16249999403953552,,
,176,1946,,,0.12357954680919647,
3.675140380859375,177,1947,,,,
4.831479549407959,177,1948,,,,
3.715949296951294,177,1949,,,,
4.382646560668945,177,1950,,,,
3.605302095413208,177,1951,,,,
4.890215873718262,177,1952,,,,
5.382279872894287,177,1953,,,,
3.1541433334350586,177,1954,,,,
2.950662612915039,177,1955,,,,
3.525075912475586,177,1956,,,,
4.460921287536621,177,1957,,,,
,177,1957,8.010824203491211,0.17499999701976776,,
,177,1957,,,0.125,
3.660344362258911,178,1958,,,,
4.810674667358398,178,1959,,,,
3.6441521644592285,178,1960,,,,
4.333863258361816,178,1961,,,,
3.6256580352783203,178,1962,,,,
4.880232810974121,178,1963,,,,
5.411214351654053,178,1964,,,,
3.1665027141571045,178,1965,,,,
2.9243764877319336,178,1966,,,,
3.4455885887145996,178,1967,,,,
4.416131496429443,178,1968,,,,
,178,1968,7.989538669586182,0.16249999403953552,,
,178,1968,,,0.12215909361839294,
3.63525390625,179,1969,,,,
4.744965553283691,179,1970,,,,
3.7097830772399902,179,1971,,,,
4.337586879730225,179,1972,,,,
3.5703415870666504,179,1973,,,,
4.90035343170166,179,1974,,,,
5.375779151916504,179,1975,,,,
3.136721134185791,179,1976,,,,
2.8963310718536377,179,1977,,,,
3.4978504180908203,179,1978,,,,
4.4313178062438965,179,1979,,,,
,179,1979,7.938925266265869,0.16249999403953552,,
,179,1979,,,0.125,
3.6310763359069824,180,1980,,,,
4.824792385101318,180,1981,,,,
3.6097939014434814,180,1982,,,,
4.289165019989014,180,1983,,,,
3.5879878997802734,180,1984,,,,
4.8756818771362305,180,1985,,,,
5.401576042175293,180,1986,,,,
3.1671833992004395,180,1987,,,,
2.920930862426758,180,1988,,,,
3.440727710723877,180,1989,,,,
4.351133823394775,180,1990,,,,
,180,1990,7.937941074371338,0.17499999701976776,,
,180,1990,,,0.12073863297700882,
3.6520438194274902,181,1991,,,,
4.783663749694824,181,1992,,,,
3.6783783435821533,181,1993,,,,
4.273212909698486,181,1994,,,,
3.572901487350464,181,1995,,,,
4.913265228271484,181,1996,,,,
5.400681972503662,181,1997,,,,
3.140730619430542,181,1998,,,,
2.9085750579833984,181,1999,,,,
3.504925489425659,181,2000,,,,
4.415867328643799,181,2001,,,,
,181,2001,7.914612770080566,0.16249999403953552,,
,181,2001,,,0.12642045319080353,
3.615161895751953,182,2002,,,,
4.841820240020752,182,2003,,,,
3.655421495437622,182,2004,,,,
4.241402626037598,182,2005,,,,
3.54414701461792,182,2006,,,,
4.875747203826904,182,2007,,,,
5.42540979385376,182,2008,,,,
3.1329967975616455,182,2009,,,,
2.9345498085021973,182,2010,,,,
3.406550884246826,182,2011,,,,
4.363326072692871,182,2012,,,,
,182,2012,7.965332984924316,0.16249999403953552,,
,182,2012,,,0.12215909361839294,
3.649672746658325,183,2013,,,,
4.790545463562012,183,2014,,,,
3.6513705253601074,183,2015,,,,
4.271964073181152,183,2016,,,,
3.57283091545105,183,2017,,,,
4.822054862976074,183,2018,,,,
5.4047136306762695,183,2019,,,,
3.0918614864349365,183,2020,,,,
2.9210104942321777,183,2021,,,,
3.485724687576294,183,2022,,,,
4.375916004180908,183,2023,,,,
,183,2023,7.934120178222656,0.16249999403953552,,
,183,2023,,,0.12926135957241058,
3.5906448364257812,184,2024,,,,
4.800122261047363,184,2025,,,,
3.6136937141418457,184,2026,,,,
4.206269264221191,184,2027,,,,
3.5643134117126465,184,2028,,,,
4.864962577819824,184,2029,,,,
5.411935329437256,184,2030,,,,
3.1133649349212646,184,2031,,,,
2.8983988761901855,184,2032,,,,
3.4170448780059814,184,2033,,,,
4.39092493057251,184,2034,,,,
,184,2034,7.969592094421387,0.15000000596046448,,
,184,2034,,,0.12357954680919647,
3.6021227836608887,185,2035,,,,
4.731947898864746,185,2036,,,,
3.6422171592712402,185,2037,,,,
4.204827308654785,185,2038,,,,
3.5239791870117188,185,2039,,,,
4.8102545738220215,185,2040,,,,
5.35203218460083,185,2041,,,,
3.029059886932373,185,2042,,,,
2.90165376663208,185,2043,,,,
3.4673690795898438,185,2044,,,,
4.359881401062012,185,2045,,,,
,185,2045,7.950131416320801,0.16249999403953552,,
,185,2045,,,0.12357954680919647,
3.5405666828155518,186,2046,,,,
4.784801006317139,186,2047,,,,
3.555525541305542,186,2048,,,,
4.200833320617676,186,2049,,,,
3.5075976848602295,186,2050,,,,
4.813839912414551,186,2051,,,,
5.345029354095459,186,2052,,,,
3.0261075496673584,186,2053,,,,
2.878894567489624,186,2054,,,,
3.407395839691162,186,2055,,,,
4.398244380950928,186,2056,,,,
,186,2056,7.980428218841553,0.16249999403953552,,
,186,2056,,,0.12357954680919647,
3.5437121391296387,187,2057,,,,
4.727005958557129,187,2058,,,,
3.594153642654419,187,2059,,,,
4.185237884521484,187,2060,,,,
3.5086216926574707,187,2061,,,,
4.815157413482666,187,2062,,,,
5.419527530670166,187,2063,,,,
3.045581817626953,187,2064,,,,
2.9455814361572266,187,2065,,,,
3.394909620285034,187,2066,,,,
4.34230899810791,187,2067,,,,
,187,2067,7.957857608795166,0.15000000596046448,,
,187,2067,,,0.12357954680919647,
3.547499895095825,188,2068,,,,
4.746857643127441,188,2069,,,,
3.5895957946777344,188,2070,,,,
4.212935447692871,188,2071,,,,
3.455500841140747,188,2072,,,,
4.788174629211426,188,2073,,,,
5.346541881561279,188,2074,,,,
2.993096113204956,188,2075,,,,
2.853447198867798,188,2076,,,,
3.419203281402588,188,2077,,,,
4.406681060791016,188,2078,,,,
,188,2078,7.98592472076416,0.15000000596046448,,
,188,2078,,,0.12073863297700882,
3.5194225311279297,189,2079,,,,
4.708794593811035,189,2080,,,,
3.548687696456909,189,2081,,,,
4.130062103271484,189,2082,,,,
3.5105221271514893,189,2083,,,,
4.741570949554443,189,2084,,,,
5.376636505126953,189,2085,,,,
2.990610122680664,189,2086,,,,
2.922720193862915,189,2087,,,,
3.4137344360351562,189,2088,,,,
4.306519508361816,189,2089,,,,
,189,2089,7.972521781921387,0.15000000596046448,,
,189,2089,,,0.12215909361839294,
3.5385475158691406,190,2090,,,,
4.680257797241211,190,2091,,,,
3.5115654468536377,190,2092,,,,
4.151133060455322,190,2093,,,,
3.4459991455078125,190,2094,,,,
4.77629280090332,190,2095,,,,
5.337009906768799,190,2096,,,,
2.9681317806243896,190,2097,,,,
2.88653302192688,190,2098,,,,
3.3725039958953857,190,2099,,,,
4.364346981048584,190,2100,,,,
,190,2100,8.04904556274414,0.16249999403953552,,
,190,2100,,,0.12357954680919647,
3.486039638519287,191,2101,,,,
4.671700477600098,191,2102,,,,
3.5442395210266113,191,2103,,,,
4.145524501800537,191,2104,,,,
3.444394588470459,191,2105,,,,
4.725882530212402,191,2106,,,,
5.319165229797363,191,2107,,,,
2.949824333190918,191,2108,,,,
2.9040863513946533,191,2109,,,,
3.4296774864196777,191,2110,,,,
4.346517086029053,191,2111,,,,
,191,2111,7.947257041931152,0.15000000596046448,,
,191,2111,,,0.11647727340459824,
3.5040149688720703,192,2112,,,,
4.6860032081604,192,2113,,,,
3.499143600463867,192,2114,,,,
4.085676193237305,192,2115,,,,
3.464829683303833,192,2116,,,,
4.762394428253174,192,2117,,,,
5.351103782653809,192,2118,,,,
2.9600939750671387,192,2119,,,,
2.8830819129943848,192,2120,,,,
3.3612442016601562,192,2121,,,,
4.3332743644714355,192,2122,,,,
,192,2122,7.987756252288818,0.15000000596046448,,
,192,2122,,,0.11647727340459824,
3.4625396728515625,193,2123,,,,
4.6355133056640625,193,2124,,,,
3.493267774581909,193,2125,,,,
4.123602867126465,193,2126,,,,
3.4280998706817627,193,2127,,,,
4.727351188659668,193,2128,,,,
5.305128574371338,193,2129,,,,
2.9192185401916504,193,2130,,,,
2.8884849548339844,193,2131,,,,
3.3938851356506348,193,2132,,,,
4.307217597961426,193,2133,,,,
,193,2133,8.031148910522461,0.16249999403953552,,
,193,2133,,,0.12073863297700882,
3.4613258838653564,194,2134,,,,
4.65631103515625,194,2135,,,,
3.483391523361206,194,2136,,,,
4.076279640197754,194,2137,,,,
3.4013888835906982,194,2138,,,,
4.683017730712891,194,2139,,,,
5.362490653991699,194,2140,,,,
2.933408498764038,194,2141,,,,
2.8909223079681396,194,2142,,,,
3.3615829944610596,194,2143,,,,
4.294205665588379,194,2144,,,,
,194,2144,8.047711372375488,0.15000000596046448,,
,194,2144,,,0.11789772659540176,
3.503857374191284,195,2145,,,,
4.627354621887207,195,2146,,,,
3.497830629348755,195,2147,,,,
4.067754745483398,195,2148,,,,
3.4265995025634766,195,2149,,,,
4.654227256774902,195,2150,,,,
5.320528030395508,195,2151,,,,
2.8834633827209473,195,2152,,,,
2.9032766819000244,195,2153,,,,
3.370591402053833,195,2154,,,,
4.283099174499512,195,2155,,,,
,195,2155,7.9736328125,0.15000000596046448,,
,195,2155,,,0.11505682021379471,
3.449611186981201,196,2156,,,,
4.639909267425537,196,2157,,,,
3.4666786193847656,196,2158,,,,
4.068549156188965,196,2159,,,,
3.380770444869995,196,2160,,,,
4.711013317108154,196,2161,,,,
5.311030387878418,196,2162,,,,
2.913586139678955,196,2163,,,,
2.8589580059051514,196,2164,,,,
3.3314576148986816,196,2165,,,,
4.295897483825684,196,2166,,,,
,196,2166,8.046380996704102,0.15000000596046448,,
,196,2166,,,0.12073863297700882,
3.4473929405212402,197,2167,,,,
4.610166549682617,197,2168,,,,
3.515502452850342,197,2169,,,,
4.061732292175293,197,2170,,,,
3.371983051300049,197,2171,,,,
4.6508026123046875,197,2172,,,,
5.2967424392700195,197,2173,,,,
2.911717414855957,197,2174,,,,
2.8704380989074707,197,2175,,,,
3.404728651046753,197,2176,,,,
4.308207035064697,197,2177,,,,
,197,2177,8.044100761413574,0.16249999403953552,,
,197,2177,,,0.11505682021379471,
3.4226975440979004,198,2178,,,,
4.663605690002441,198,2179,,,,
3.480562210083008,198,2180,,,,
4.014462471008301,198,2181,,,,
3.373249053955078,198,2182,,,,
4.6458353996276855,198,2183,,,,
5.311326026916504,198,2184,,,,
2.8931872844696045,198,2185,,,,
2.91399884223938,198,2186,,,,
3.3023362159729004,198,2187,,,,
4.299792289733887,198,2188,,,,
,198,2188,8.07994270324707,0.15000000596046448,,
,198,2188,,,0.11931817978620529,
3.4079525470733643,199,2189,,,,
4.561009883880615,199,2190,,,,
3.4849648475646973,199,2191,,,,
4.053447246551514,199,2192,,,,
3.3598055839538574,199,2193,,,,
4.62471866607666,199,2194,,,,
5.3351874351501465,199,2195,,,,
2.8569493293762207,199,2196,,,,
2.887036085128784,199,2197,,,,
3.3516125679016113,199,2198,,,,
4.294881343841553,199,2199,,,,
,199,2199,8.083434104919434,0.15000000596046448,,
,199,2199,,,0.11647727340459824,
,185,2035,,,,0.2849999964237213
